"Name","TID","TemplateIndex","DataUniqueId","LeagueIndex","DivisionIndex","RequiredWins","LossSubtraction","CardLevelCap","GameMode","IsEloBased","ShowGameModeIcon","WinsToCreateFloor","SeasonResetWinMultiplier","ShouldCountWinRateForInitialElo","IconSWF","IconExportName","ListIconExportName","UnlockReward","UnlockRewardAmount","OneTimeReward","OneTimeRewardAmount","EndOfSeasonReward","EndOfSeasonRewardAmount","LeagueDividerExportName","MatchmakingMinScoreDelta","MatchmakingMaxScoreDelta","MatchmakingMaxSeconds","SmallIconExportName"
"string","string","Int","Int","Int","Int","Int","Int","Int","String","Boolean","Boolean","Int","Int","Boolean","String","String","String","String","Int","String","Int","String","Int","String","Int","Int","Int","String"
"Template_1_Ranked1.1","TID_RANKED_LEAGUE_1",1,0,0,0,0,0,11,"PickMode_Tournament","FALSE","TRUE",1,1,,"sc/ui_league_badges.sc","league_badge_001","league_badge_001_nofx","Gold",3000,,,,,"divider_league",1,10,60,"league_list_icon_001"
"Template_1_Ranked1.2","TID_RANKED_LEAGUE_1",1,23,0,1,2,0,11,"PickMode_Tournament","FALSE","TRUE",,,,"sc/ui_league_badges.sc","league_badge_001","league_badge_001_nofx","WildcardCommon",250,,,,,,1,10,60,"league_list_icon_001"
"Template_1_Ranked1.3","TID_RANKED_LEAGUE_1",1,1,0,2,5,0,11,"PickMode_Tournament","FALSE","TRUE",,,,"sc/ui_league_badges.sc","league_badge_001","league_badge_001_nofx","Gold",3000,,,,,,1,10,60,"league_list_icon_001"
"Template_1_Ranked2.1","TID_RANKED_LEAGUE_2",1,2,1,0,7,1,11,"PickMode_Tournament","FALSE","TRUE",3,2,,"sc/ui_league_badges.sc","league_badge_002","league_badge_002_nofx","Gold",6000,"Chest_Giant_Arena_L1",1,,,"divider_league",2,10,60,"league_list_icon_002"
"Template_1_Ranked2.2","TID_RANKED_LEAGUE_2",1,3,1,1,9,1,11,"PickMode_Tournament","FALSE","TRUE",,,,"sc/ui_league_badges.sc","league_badge_002","league_badge_002_nofx","WildcardRare",50,,,,,,2,10,60,"league_list_icon_002"
"Template_1_Ranked2.3","TID_RANKED_LEAGUE_2",1,4,1,2,11,1,11,"PickMode_Tournament","FALSE","TRUE",,,,"sc/ui_league_badges.sc","league_badge_002","league_badge_002_nofx","Gold",6000,,,,,,2,10,60,"league_list_icon_002"
"Template_1_Ranked3.1","TID_RANKED_LEAGUE_3",1,5,2,0,13,1,11,"PickMode_Tournament","FALSE","TRUE",4,3,,"sc/ui_league_badges.sc","league_badge_003","league_badge_003_nofx","WildcardEpic",10,"Gold",15000,,,"divider_league",2,10,60,"league_list_icon_003"
"Template_1_Ranked3.2","TID_RANKED_LEAGUE_3",1,24,2,1,15,1,11,"PickMode_Tournament","FALSE","TRUE",,,,"sc/ui_league_badges.sc","league_badge_003","league_badge_003_nofx","Gold",3000,,,,,,2,10,60,"league_list_icon_003"
"Template_1_Ranked3.3","TID_RANKED_LEAGUE_3",1,6,2,2,18,1,11,"PickMode_Tournament","FALSE","TRUE",,,,"sc/ui_league_badges.sc","league_badge_003","league_badge_003_nofx","Gold",6000,,,,,,2,10,60,"league_list_icon_003"
"Template_1_Ranked4.1","TID_RANKED_LEAGUE_4",1,7,3,0,21,1,11,"PickMode_Tournament","FALSE","TRUE",5,4,"TRUE","sc/ui_league_badges.sc","league_badge_004","league_badge_004_nofx","Emote_EmoteChronos101",1,"Chest_Magic_Arena_L1",1,,,"divider_league",2,10,60,"league_list_icon_004"
"Template_1_Ranked4.2","TID_RANKED_LEAGUE_4",1,8,3,1,23,1,11,"PickMode_Tournament","FALSE","TRUE",,,"TRUE","sc/ui_league_badges.sc","league_badge_004","league_badge_004_nofx","WildcardLegendary",1,,,,,,2,10,60,"league_list_icon_004"
"Template_1_Ranked4.3","TID_RANKED_LEAGUE_4",1,9,3,2,26,1,11,"PickMode_Tournament","FALSE","TRUE",,,"TRUE","sc/ui_league_badges.sc","league_badge_004","league_badge_004_nofx","Gold",6000,,,,,,2,10,60,"league_list_icon_004"
"Template_1_Ranked5.1","TID_RANKED_LEAGUE_5",1,10,4,0,29,1,11,"PickMode_Tournament","FALSE","TRUE",6,5,"TRUE","sc/ui_league_badges.sc","league_badge_005","league_badge_005_nofx","WildcardChampion",1,"Gold",20000,,,"divider_league",2,10,60,"league_list_icon_005"
"Template_1_Ranked5.2","TID_RANKED_LEAGUE_5",1,11,4,1,32,1,11,"PickMode_Tournament","FALSE","TRUE",,,"TRUE","sc/ui_league_badges.sc","league_badge_005","league_badge_005_nofx","Gold",6000,,,,,,2,10,60,"league_list_icon_005"
"Template_1_Ranked5.3","TID_RANKED_LEAGUE_5",1,12,4,2,36,1,11,"PickMode_Tournament","FALSE","TRUE",,,"TRUE","sc/ui_league_badges.sc","league_badge_005","league_badge_005_nofx","WildcardCommon",250,,,,,,2,10,60,"league_list_icon_005"
"Template_1_Ranked6.1","TID_RANKED_LEAGUE_6",1,13,5,0,40,1,11,"PickMode_Tournament","FALSE","TRUE",7,6,"TRUE","sc/ui_league_badges.sc","league_badge_006","league_badge_006_nofx","Gold",6000,"Chest_Shop_Small_1_Arena_L1",1,,,"divider_league",2,10,60,"league_list_icon_006"
"Template_1_Ranked6.2","TID_RANKED_LEAGUE_6",1,14,5,1,42,1,11,"PickMode_Tournament","FALSE","TRUE",,,"TRUE","sc/ui_league_badges.sc","league_badge_006","league_badge_006_nofx","WildcardRare",50,,,,,,2,10,60,"league_list_icon_006"
"Template_1_Ranked6.3","TID_RANKED_LEAGUE_6",1,15,5,2,45,1,11,"PickMode_Tournament","FALSE","TRUE",,,"TRUE","sc/ui_league_badges.sc","league_badge_006","league_badge_006_nofx","Gold",6000,,,,,,2,10,60,"league_list_icon_006"
"Template_1_Ranked7.1","TID_RANKED_LEAGUE_7",1,16,6,0,49,1,11,"PickMode_Tournament","FALSE","TRUE",-1,7,"TRUE","sc/ui_league_badges.sc","league_badge_007","league_badge_007_nofx","WildcardEpic",10,"Gold",25000,,,"divider_league",2,10,60,"league_list_icon_007"
"Template_1_Ranked7.2","TID_RANKED_LEAGUE_7",1,17,6,1,53,1,11,"PickMode_Tournament","FALSE","TRUE",,,"TRUE","sc/ui_league_badges.sc","league_badge_007","league_badge_007_nofx","Gold",6000,,,,,,2,10,60,"league_list_icon_007"
"Template_1_Ranked8.1","TID_RANKED_LEAGUE_8",1,18,7,0,57,1,11,"PickMode_Tournament","FALSE","TRUE",-1,8,"TRUE","sc/ui_league_badges.sc","league_badge_008","league_badge_008_nofx","WildcardLegendary",1,"Chest_Shop_Large_Legendary_Arena_L1",1,,,"divider_league",2,10,60,"league_list_icon_008"
"Template_1_Ranked8.2","TID_RANKED_LEAGUE_8",1,19,7,1,60,1,11,"PickMode_Tournament","FALSE","TRUE",,,"TRUE","sc/ui_league_badges.sc","league_badge_008","league_badge_008_nofx","Gold",6000,,,,,,2,10,60,"league_list_icon_008"
"Template_1_Ranked9.1","TID_RANKED_LEAGUE_9",1,20,8,0,65,1,11,"PickMode_Tournament","FALSE","TRUE",-1,9,"TRUE","sc/ui_league_badges.sc","league_badge_009","league_badge_009_nofx","WildcardChampion",1,"Gold",30000,,,"divider_league",2,10,60,"league_list_icon_009"
"Template_1_Ranked9.2","TID_RANKED_LEAGUE_9",1,21,8,1,70,1,11,"PickMode_Tournament","FALSE","TRUE",,,"TRUE","sc/ui_league_badges.sc","league_badge_009","league_badge_009_nofx","Gold",6000,,,,,,2,10,60,"league_list_icon_009"
"Template_1_Ranked10","TID_RANKED_LEAGUE_10",1,25,9,0,76,1,11,"PickMode_Tournament","TRUE","TRUE",-1,10,"TRUE","sc/ui_league_badges.sc","league_badge_010","league_badge_010_nofx","Gold",6000,"Emote_EmoteChronos72",1,,,"divider_league_last",15,150,90,"league_list_icon_010"
"Template_2_Ranked1.1","TID_RANKED_LEAGUE_1",2,0,0,0,0,0,11,"Ranked1v1","FALSE",,1,1,,"sc/ui_league_badges.sc","league_badge_001","league_badge_001_nofx","Gold",3000,,,,,"divider_league",1,10,60,"league_list_icon_001"
"Template_2_Ranked1.2","TID_RANKED_LEAGUE_1",2,23,0,1,3,0,11,"Ranked1v1","FALSE",,,,,"sc/ui_league_badges.sc","league_badge_001","league_badge_001_nofx","WildcardCommon",250,,,,,,1,10,60,"league_list_icon_001"
"Template_2_Ranked1.3","TID_RANKED_LEAGUE_1",2,1,0,2,7,0,11,"Ranked1v1","FALSE",,,,,"sc/ui_league_badges.sc","league_badge_001","league_badge_001_nofx","Gold",3000,,,,,,1,10,60,"league_list_icon_001"
"Template_2_Ranked2.1","TID_RANKED_LEAGUE_2",2,2,1,0,10,1,11,"Ranked1v1","FALSE",,3,2,,"sc/ui_league_badges.sc","league_badge_002","league_badge_002_nofx","Gold",6000,"Chest_Giant_Arena_L1",1,,,"divider_league",2,10,60,"league_list_icon_002"
"Template_2_Ranked2.2","TID_RANKED_LEAGUE_2",2,3,1,1,13,1,11,"Ranked1v1","FALSE",,,,,"sc/ui_league_badges.sc","league_badge_002","league_badge_002_nofx","WildcardRare",50,,,,,,2,10,60,"league_list_icon_002"
"Template_2_Ranked2.3","TID_RANKED_LEAGUE_2",2,4,1,2,17,1,11,"Ranked1v1","FALSE",,,,,"sc/ui_league_badges.sc","league_badge_002","league_badge_002_nofx","Gold",6000,,,,,,2,10,60,"league_list_icon_002"
"Template_2_Ranked3.1","TID_RANKED_LEAGUE_3",2,5,2,0,21,1,11,"Ranked1v1","FALSE",,4,3,,"sc/ui_league_badges.sc","league_badge_003","league_badge_003_nofx","WildcardEpic",10,"Gold",15000,,,"divider_league",2,10,60,"league_list_icon_003"
"Template_2_Ranked3.2","TID_RANKED_LEAGUE_3",2,24,2,1,24,1,11,"Ranked1v1","FALSE",,,,,"sc/ui_league_badges.sc","league_badge_003","league_badge_003_nofx","Gold",3000,,,,,,2,10,60,"league_list_icon_003"
"Template_2_Ranked3.3","TID_RANKED_LEAGUE_3",2,6,2,2,28,1,11,"Ranked1v1","FALSE",,,,,"sc/ui_league_badges.sc","league_badge_003","league_badge_003_nofx","Gold",6000,,,,,,2,10,60,"league_list_icon_003"
"Template_2_Ranked4.1","TID_RANKED_LEAGUE_4",2,7,3,0,32,1,12,"Ranked1v1","FALSE",,5,4,"TRUE","sc/ui_league_badges.sc","league_badge_004","league_badge_004_nofx","Emote_EmoteChronos87",1,"Chest_Magic_Arena_L1",1,,,"divider_league",2,10,60,"league_list_icon_004"
"Template_2_Ranked4.2","TID_RANKED_LEAGUE_4",2,8,3,1,35,1,12,"Ranked1v1","FALSE",,,,"TRUE","sc/ui_league_badges.sc","league_badge_004","league_badge_004_nofx","WildcardLegendary",1,,,,,,2,10,60,"league_list_icon_004"
"Template_2_Ranked4.3","TID_RANKED_LEAGUE_4",2,9,3,2,39,1,12,"Ranked1v1","FALSE",,,,"TRUE","sc/ui_league_badges.sc","league_badge_004","league_badge_004_nofx","Gold",6000,,,,,,2,10,60,"league_list_icon_004"
"Template_2_Ranked5.1","TID_RANKED_LEAGUE_5",2,10,4,0,43,1,12,"Ranked1v1","FALSE",,6,5,"TRUE","sc/ui_league_badges.sc","league_badge_005","league_badge_005_nofx","WildcardChampion",1,"Gold",20000,,,"divider_league",2,10,60,"league_list_icon_005"
"Template_2_Ranked5.2","TID_RANKED_LEAGUE_5",2,11,4,1,46,1,12,"Ranked1v1","FALSE",,,,"TRUE","sc/ui_league_badges.sc","league_badge_005","league_badge_005_nofx","Gold",6000,,,,,,2,10,60,"league_list_icon_005"
"Template_2_Ranked5.3","TID_RANKED_LEAGUE_5",2,12,4,2,50,1,12,"Ranked1v1","FALSE",,,,"TRUE","sc/ui_league_badges.sc","league_badge_005","league_badge_005_nofx","WildcardCommon",250,,,,,,2,10,60,"league_list_icon_005"
"Template_2_Ranked6.1","TID_RANKED_LEAGUE_6",2,13,5,0,54,1,13,"Ranked1v1","FALSE",,7,6,"TRUE","sc/ui_league_badges.sc","league_badge_006","league_badge_006_nofx","Gold",6000,"Chest_Shop_Small_1_Arena_L1",1,,,"divider_league",2,10,60,"league_list_icon_006"
"Template_2_Ranked6.2","TID_RANKED_LEAGUE_6",2,14,5,1,57,1,13,"Ranked1v1","FALSE",,,,"TRUE","sc/ui_league_badges.sc","league_badge_006","league_badge_006_nofx","WildcardRare",50,,,,,,2,10,60,"league_list_icon_006"
"Template_2_Ranked6.3","TID_RANKED_LEAGUE_6",2,15,5,2,61,1,13,"Ranked1v1","FALSE",,,,"TRUE","sc/ui_league_badges.sc","league_badge_006","league_badge_006_nofx","Gold",6000,,,,,,2,10,60,"league_list_icon_006"
"Template_2_Ranked7.1","TID_RANKED_LEAGUE_7",2,16,6,0,65,1,13,"Ranked1v1","FALSE",,-1,7,"TRUE","sc/ui_league_badges.sc","league_badge_007","league_badge_007_nofx","WildcardEpic",10,"Gold",25000,,,"divider_league",2,10,60,"league_list_icon_007"
"Template_2_Ranked7.2","TID_RANKED_LEAGUE_7",2,17,6,1,69,1,13,"Ranked1v1","FALSE",,,,"TRUE","sc/ui_league_badges.sc","league_badge_007","league_badge_007_nofx","Gold",6000,,,,,,2,10,60,"league_list_icon_007"
"Template_2_Ranked8.1","TID_RANKED_LEAGUE_8",2,18,7,0,73,1,14,"Ranked1v1","FALSE",,-1,8,"TRUE","sc/ui_league_badges.sc","league_badge_008","league_badge_008_nofx","WildcardLegendary",1,"Chest_Shop_Large_Legendary_Arena_L1",1,,,"divider_league",2,10,60,"league_list_icon_008"
"Template_2_Ranked8.2","TID_RANKED_LEAGUE_8",2,19,7,1,77,1,14,"Ranked1v1","FALSE",,,,"TRUE","sc/ui_league_badges.sc","league_badge_008","league_badge_008_nofx","Gold",6000,,,,,,2,10,60,"league_list_icon_008"
"Template_2_Ranked9.1","TID_RANKED_LEAGUE_9",2,20,8,0,82,1,14,"Ranked1v1","FALSE",,-1,9,"TRUE","sc/ui_league_badges.sc","league_badge_009","league_badge_009_nofx","WildcardChampion",1,"Gold",30000,,,"divider_league",2,10,60,"league_list_icon_009"
"Template_2_Ranked9.2","TID_RANKED_LEAGUE_9",2,21,8,1,87,1,14,"Ranked1v1","FALSE",,,,"TRUE","sc/ui_league_badges.sc","league_badge_009","league_badge_009_nofx","Gold",6000,,,,,,2,10,60,"league_list_icon_009"
"Template_2_Ranked10","TID_RANKED_LEAGUE_10",2,22,9,0,93,1,14,"Ranked1v1","TRUE",,-1,10,"TRUE","sc/ui_league_badges.sc","league_badge_010","league_badge_010_nofx","Gold",6000,"Emote_EmoteChronos71",1,,,"divider_league_last",15,150,90,"league_list_icon_010"
"Template_3_Ranked1.1","TID_RANKED_LEAGUE_1",3,0,0,0,0,0,11,"Ranked1v1","FALSE",,1,1,,"sc/ui_league_badges.sc","league_badge_001","league_badge_001_nofx","Gold",3000,,,,,"divider_league",1,10,60,"league_list_icon_001"
"Template_3_Ranked1.2","TID_RANKED_LEAGUE_1",3,23,0,1,3,0,11,"Ranked1v1","FALSE",,,,,"sc/ui_league_badges.sc","league_badge_001","league_badge_001_nofx","WildcardCommon",250,,,,,,1,10,60,"league_list_icon_001"
"Template_3_Ranked1.3","TID_RANKED_LEAGUE_1",3,1,0,2,7,0,11,"Ranked1v1","FALSE",,,,,"sc/ui_league_badges.sc","league_badge_001","league_badge_001_nofx","Gold",3000,,,,,,1,10,60,"league_list_icon_001"
"Template_3_Ranked2.1","TID_RANKED_LEAGUE_2",3,2,1,0,10,1,11,"Ranked1v1","FALSE",,3,2,,"sc/ui_league_badges.sc","league_badge_002","league_badge_002_nofx","Gold",6000,"Chest_Giant_Arena_L1",1,,,"divider_league",2,10,60,"league_list_icon_002"
"Template_3_Ranked2.2","TID_RANKED_LEAGUE_2",3,3,1,1,13,1,11,"Ranked1v1","FALSE",,,,,"sc/ui_league_badges.sc","league_badge_002","league_badge_002_nofx","WildcardRare",50,,,,,,2,10,60,"league_list_icon_002"
"Template_3_Ranked2.3","TID_RANKED_LEAGUE_2",3,4,1,2,17,1,11,"Ranked1v1","FALSE",,,,,"sc/ui_league_badges.sc","league_badge_002","league_badge_002_nofx","Gold",6000,,,,,,2,10,60,"league_list_icon_002"
"Template_3_Ranked3.1","TID_RANKED_LEAGUE_3",3,5,2,0,21,1,11,"Ranked1v1","FALSE",,4,3,,"sc/ui_league_badges.sc","league_badge_003","league_badge_003_nofx","WildcardEpic",10,"Gold",15000,,,"divider_league",2,10,60,"league_list_icon_003"
"Template_3_Ranked3.2","TID_RANKED_LEAGUE_3",3,24,2,1,24,1,11,"Ranked1v1","FALSE",,,,,"sc/ui_league_badges.sc","league_badge_003","league_badge_003_nofx","Gold",3000,,,,,,2,10,60,"league_list_icon_003"
"Template_3_Ranked3.3","TID_RANKED_LEAGUE_3",3,6,2,2,28,1,11,"Ranked1v1","FALSE",,,,,"sc/ui_league_badges.sc","league_badge_003","league_badge_003_nofx","Gold",6000,,,,,,2,10,60,"league_list_icon_003"
"Template_3_Ranked4.1","TID_RANKED_LEAGUE_4",3,7,3,0,32,1,12,"Ranked1v1","FALSE",,5,4,"TRUE","sc/ui_league_badges.sc","league_badge_004","league_badge_004_nofx","Emote_EmoteChronos93",1,"Chest_Magic_Arena_L1",1,,,"divider_league",2,10,60,"league_list_icon_004"
"Template_3_Ranked4.2","TID_RANKED_LEAGUE_4",3,8,3,1,35,1,12,"Ranked1v1","FALSE",,,,"TRUE","sc/ui_league_badges.sc","league_badge_004","league_badge_004_nofx","WildcardLegendary",1,,,,,,2,10,60,"league_list_icon_004"
"Template_3_Ranked4.3","TID_RANKED_LEAGUE_4",3,9,3,2,39,1,12,"Ranked1v1","FALSE",,,,"TRUE","sc/ui_league_badges.sc","league_badge_004","league_badge_004_nofx","Gold",6000,,,,,,2,10,60,"league_list_icon_004"
"Template_3_Ranked5.1","TID_RANKED_LEAGUE_5",3,10,4,0,43,1,12,"Ranked1v1","FALSE",,6,5,"TRUE","sc/ui_league_badges.sc","league_badge_005","league_badge_005_nofx","WildcardChampion",1,"Gold",20000,,,"divider_league",2,10,60,"league_list_icon_005"
"Template_3_Ranked5.2","TID_RANKED_LEAGUE_5",3,11,4,1,46,1,12,"Ranked1v1","FALSE",,,,"TRUE","sc/ui_league_badges.sc","league_badge_005","league_badge_005_nofx","Gold",6000,,,,,,2,10,60,"league_list_icon_005"
"Template_3_Ranked5.3","TID_RANKED_LEAGUE_5",3,12,4,2,50,1,12,"Ranked1v1","FALSE",,,,"TRUE","sc/ui_league_badges.sc","league_badge_005","league_badge_005_nofx","WildcardCommon",250,,,,,,2,10,60,"league_list_icon_005"
"Template_3_Ranked6.1","TID_RANKED_LEAGUE_6",3,13,5,0,54,1,13,"Ranked1v1","FALSE",,7,6,"TRUE","sc/ui_league_badges.sc","league_badge_006","league_badge_006_nofx","Gold",6000,"Chest_Shop_Small_1_Arena_L1",1,,,"divider_league",2,10,60,"league_list_icon_006"
"Template_3_Ranked6.2","TID_RANKED_LEAGUE_6",3,14,5,1,57,1,13,"Ranked1v1","FALSE",,,,"TRUE","sc/ui_league_badges.sc","league_badge_006","league_badge_006_nofx","WildcardRare",50,,,,,,2,10,60,"league_list_icon_006"
"Template_3_Ranked6.3","TID_RANKED_LEAGUE_6",3,15,5,2,61,1,13,"Ranked1v1","FALSE",,,,"TRUE","sc/ui_league_badges.sc","league_badge_006","league_badge_006_nofx","Gold",6000,,,,,,2,10,60,"league_list_icon_006"
"Template_3_Ranked7.1","TID_RANKED_LEAGUE_7",3,16,6,0,65,1,13,"Ranked1v1","FALSE",,-1,7,"TRUE","sc/ui_league_badges.sc","league_badge_007","league_badge_007_nofx","WildcardEpic",10,"Gold",25000,,,"divider_league",2,10,60,"league_list_icon_007"
"Template_3_Ranked7.2","TID_RANKED_LEAGUE_7",3,17,6,1,69,1,13,"Ranked1v1","FALSE",,,,"TRUE","sc/ui_league_badges.sc","league_badge_007","league_badge_007_nofx","Gold",6000,,,,,,2,10,60,"league_list_icon_007"
"Template_3_Ranked8.1","TID_RANKED_LEAGUE_8",3,18,7,0,73,1,14,"Ranked1v1","FALSE",,-1,8,"TRUE","sc/ui_league_badges.sc","league_badge_008","league_badge_008_nofx","WildcardLegendary",1,"Chest_Shop_Large_Legendary_Arena_L1",1,,,"divider_league",2,10,60,"league_list_icon_008"
"Template_3_Ranked8.2","TID_RANKED_LEAGUE_8",3,19,7,1,77,1,14,"Ranked1v1","FALSE",,,,"TRUE","sc/ui_league_badges.sc","league_badge_008","league_badge_008_nofx","Gold",6000,,,,,,2,10,60,"league_list_icon_008"
"Template_3_Ranked9.1","TID_RANKED_LEAGUE_9",3,20,8,0,82,1,14,"Ranked1v1","FALSE",,-1,9,"TRUE","sc/ui_league_badges.sc","league_badge_009","league_badge_009_nofx","WildcardChampion",1,"Gold",30000,,,"divider_league",2,10,60,"league_list_icon_009"
"Template_3_Ranked9.2","TID_RANKED_LEAGUE_9",3,21,8,1,87,1,14,"Ranked1v1","FALSE",,,,"TRUE","sc/ui_league_badges.sc","league_badge_009","league_badge_009_nofx","Gold",6000,,,,,,2,10,60,"league_list_icon_009"
"Template_3_Ranked10","TID_RANKED_LEAGUE_10",3,22,9,0,93,1,14,"Ranked1v1","TRUE",,-1,10,"TRUE","sc/ui_league_badges.sc","league_badge_010","league_badge_010_nofx","Gold",6000,"Emote_EmoteChronos71",1,,,"divider_league_last",15,150,90,"league_list_icon_010"
"Template_4_Ranked1.1","TID_RANKED_LEAGUE_1",4,0,0,0,0,0,11,"Ranked1v1","FALSE",,1,1,,"sc/ui_league_badges.sc","league_badge_001","league_badge_001_nofx","Gold",3000,,,,,"divider_league",1,10,60,"league_list_icon_001"
"Template_4_Ranked1.2","TID_RANKED_LEAGUE_1",4,1,0,1,5,0,11,"Ranked1v1","FALSE",,,,,"sc/ui_league_badges.sc","league_badge_001","league_badge_001_nofx","WildcardCommon",250,,,,,,1,10,60,"league_list_icon_001"
"Template_4_Ranked2.1","TID_RANKED_LEAGUE_2",4,2,1,0,10,1,11,"Ranked1v1","FALSE",,3,2,,"sc/ui_league_badges.sc","league_badge_002","league_badge_002_nofx","Gold",6000,"Chest_Giant_Arena_L1",1,,,"divider_league",2,10,60,"league_list_icon_002"
"Template_4_Ranked2.2","TID_RANKED_LEAGUE_2",4,3,1,1,13,1,11,"Ranked1v1","FALSE",,,,,"sc/ui_league_badges.sc","league_badge_002","league_badge_002_nofx","WildcardRare",50,,,,,,2,10,60,"league_list_icon_002"
"Template_4_Ranked2.3","TID_RANKED_LEAGUE_2",4,4,1,2,17,1,11,"Ranked1v1","FALSE",,,,,"sc/ui_league_badges.sc","league_badge_002","league_badge_002_nofx","Gold",6000,,,,,,2,10,60,"league_list_icon_002"
"Template_4_Ranked3.1","TID_RANKED_LEAGUE_3",4,5,2,0,21,1,11,"Ranked1v1","FALSE",,4,2,,"sc/ui_league_badges.sc","league_badge_003","league_badge_003_nofx","WildcardEpic",10,"Gold",15000,,,"divider_league",2,10,60,"league_list_icon_003"
"Template_4_Ranked3.2","TID_RANKED_LEAGUE_3",4,6,2,1,26,1,11,"Ranked1v1","FALSE",,,,,"sc/ui_league_badges.sc","league_badge_003","league_badge_003_nofx","Gold",6000,,,,,,2,10,60,"league_list_icon_003"
"Template_4_Ranked4.1","TID_RANKED_LEAGUE_4",4,7,3,0,32,1,12,"Ranked1v1","FALSE",,5,3,"TRUE","sc/ui_league_badges.sc","league_badge_004","league_badge_004_nofx","WildcardElite",1000,"Chest_Magic_Arena_L1",1,,,"divider_league",2,10,60,"league_list_icon_004"
"Template_4_Ranked4.2","TID_RANKED_LEAGUE_4",4,8,3,1,35,1,12,"Ranked1v1","FALSE",,,,"TRUE","sc/ui_league_badges.sc","league_badge_004","league_badge_004_nofx","Gold",6000,,,,,,2,10,60,"league_list_icon_004"
"Template_4_Ranked4.3","TID_RANKED_LEAGUE_4",4,9,3,2,39,1,12,"Ranked1v1","FALSE",,,,"TRUE","sc/ui_league_badges.sc","league_badge_004","league_badge_004_nofx","WildcardChampion",1,,,,,,2,10,60,"league_list_icon_004"
"Template_4_Ranked5.1","TID_RANKED_LEAGUE_5",4,10,4,0,43,1,12,"Ranked1v1","FALSE",,6,4,"TRUE","sc/ui_league_badges.sc","league_badge_005","league_badge_005_nofx","Gold",6000,"Gold",20000,,,"divider_league",2,10,60,"league_list_icon_005"
"Template_4_Ranked5.2","TID_RANKED_LEAGUE_5",4,11,4,1,46,1,12,"Ranked1v1","FALSE",,,,"TRUE","sc/ui_league_badges.sc","league_badge_005","league_badge_005_nofx","Gold",6000,,,,,,2,10,60,"league_list_icon_005"
"Template_4_Ranked5.3","TID_RANKED_LEAGUE_5",4,12,4,2,50,1,12,"Ranked1v1","FALSE",,,,"TRUE","sc/ui_league_badges.sc","league_badge_005","league_badge_005_nofx","WildcardCommon",250,,,,,,2,10,60,"league_list_icon_005"
"Template_4_Ranked6.1","TID_RANKED_LEAGUE_6",4,13,5,0,54,1,13,"Ranked1v1","FALSE",,7,4,"TRUE","sc/ui_league_badges.sc","league_badge_006","league_badge_006_nofx","Gold",6000,"Chest_Shop_Small_1_Arena_L1",1,,,"divider_league",2,10,60,"league_list_icon_006"
"Template_4_Ranked6.2","TID_RANKED_LEAGUE_6",4,14,5,1,57,1,13,"Ranked1v1","FALSE",,,,"TRUE","sc/ui_league_badges.sc","league_badge_006","league_badge_006_nofx","WildcardRare",50,,,,,,2,10,60,"league_list_icon_006"
"Template_4_Ranked6.3","TID_RANKED_LEAGUE_6",4,15,5,2,61,1,13,"Ranked1v1","FALSE",,,,"TRUE","sc/ui_league_badges.sc","league_badge_006","league_badge_006_nofx","Gold",6000,,,,,,2,10,60,"league_list_icon_006"
"Template_4_Ranked7.1","TID_RANKED_LEAGUE_7",4,16,6,0,65,1,13,"Ranked1v1","FALSE",,-1,5,"TRUE","sc/ui_league_badges.sc","league_badge_007","league_badge_007_nofx","WildcardEpic",10,"Gold",25000,,,"divider_league",2,10,60,"league_list_icon_007"
"Template_4_Ranked7.2","TID_RANKED_LEAGUE_7",4,17,6,1,68,1,13,"Ranked1v1","FALSE",,,,"TRUE","sc/ui_league_badges.sc","league_badge_007","league_badge_007_nofx","Gold",6000,,,,,,2,10,60,"league_list_icon_007"
"Template_4_Ranked8.1","TID_RANKED_LEAGUE_8",4,18,7,0,71,1,14,"Ranked1v1","FALSE",,-1,5,"TRUE","sc/ui_league_badges.sc","league_badge_008","league_badge_008_nofx","WildcardLegendary",1,"Chest_Shop_Large_Legendary_Arena_L1",1,,,"divider_league",2,10,60,"league_list_icon_008"
"Template_4_Ranked8.2","TID_RANKED_LEAGUE_8",4,19,7,1,74,1,14,"Ranked1v1","FALSE",,,,"TRUE","sc/ui_league_badges.sc","league_badge_008","league_badge_008_nofx","Gold",6000,,,,,,2,10,60,"league_list_icon_008"
"Template_4_Ranked9.1","TID_RANKED_LEAGUE_9",4,20,8,0,78,1,14,"Ranked1v1","FALSE",,-1,6,"TRUE","sc/ui_league_badges.sc","league_badge_009","league_badge_009_nofx","WildcardChampion",1,"Gold",30000,,,"divider_league",2,10,60,"league_list_icon_009"
"Template_4_Ranked9.2","TID_RANKED_LEAGUE_9",4,21,8,1,82,1,14,"Ranked1v1","FALSE",,,,"TRUE","sc/ui_league_badges.sc","league_badge_009","league_badge_009_nofx","Gold",6000,,,,,,2,10,60,"league_list_icon_009"
"Template_4_Ranked10","TID_RANKED_LEAGUE_10",4,22,9,0,87,1,14,"Ranked1v1","TRUE",,-1,6,"TRUE","sc/ui_league_badges.sc","league_badge_010","league_badge_010_nofx","Gold",6000,"Emote_EmoteChronos71",1,,,"divider_league_last",15,300,60,"league_list_icon_010"
"Template_5_Ranked1.1","TID_RANKED_LEAGUE_1",5,0,0,0,0,0,11,"Ranked1v1","FALSE",,1,1,,"sc/ui_league_badges.sc","league_badge_001","league_badge_001_nofx","Gold",3000,,,,,"divider_league",1,10,60,"league_list_icon_001"
"Template_5_Ranked1.2","TID_RANKED_LEAGUE_1",5,23,0,1,3,0,11,"Ranked1v1","FALSE",,,,,"sc/ui_league_badges.sc","league_badge_001","league_badge_001_nofx","WildcardCommon",250,,,,,,1,10,60,"league_list_icon_001"
"Template_5_Ranked1.3","TID_RANKED_LEAGUE_1",5,1,0,2,7,0,11,"Ranked1v1","FALSE",,,,,"sc/ui_league_badges.sc","league_badge_001","league_badge_001_nofx","Gold",3000,,,,,,1,10,60,"league_list_icon_001"
"Template_5_Ranked2.1","TID_RANKED_LEAGUE_2",5,2,1,0,10,1,11,"Ranked1v1","FALSE",,3,2,,"sc/ui_league_badges.sc","league_badge_002","league_badge_002_nofx","Gold",6000,"Chest_Giant_Arena_L1",1,,,"divider_league",2,10,60,"league_list_icon_002"
"Template_5_Ranked2.2","TID_RANKED_LEAGUE_2",5,3,1,1,13,1,11,"Ranked1v1","FALSE",,,,,"sc/ui_league_badges.sc","league_badge_002","league_badge_002_nofx","WildcardRare",50,,,,,,2,10,60,"league_list_icon_002"
"Template_5_Ranked2.3","TID_RANKED_LEAGUE_2",5,4,1,2,17,1,11,"Ranked1v1","FALSE",,,,,"sc/ui_league_badges.sc","league_badge_002","league_badge_002_nofx","Gold",6000,,,,,,2,10,60,"league_list_icon_002"
"Template_5_Ranked3.1","TID_RANKED_LEAGUE_3",5,5,2,0,21,1,11,"Ranked1v1","FALSE",,4,3,,"sc/ui_league_badges.sc","league_badge_003","league_badge_003_nofx","WildcardEpic",10,"Gold",15000,,,"divider_league",2,10,60,"league_list_icon_003"
"Template_5_Ranked3.2","TID_RANKED_LEAGUE_3",5,24,2,1,24,1,11,"Ranked1v1","FALSE",,,,,"sc/ui_league_badges.sc","league_badge_003","league_badge_003_nofx","Gold",3000,,,,,,2,10,60,"league_list_icon_003"
"Template_5_Ranked3.3","TID_RANKED_LEAGUE_3",5,6,2,2,28,1,11,"Ranked1v1","FALSE",,,,,"sc/ui_league_badges.sc","league_badge_003","league_badge_003_nofx","Gold",6000,,,,,,2,10,60,"league_list_icon_003"
"Template_5_Ranked4.1","TID_RANKED_LEAGUE_4",5,7,3,0,32,1,12,"Ranked1v1","FALSE",,5,4,"TRUE","sc/ui_league_badges.sc","league_badge_004","league_badge_004_nofx","Emote_EmoteChronos107",1,"Chest_Magic_Arena_L1",1,,,"divider_league",2,10,60,"league_list_icon_004"
"Template_5_Ranked4.2","TID_RANKED_LEAGUE_4",5,8,3,1,35,1,12,"Ranked1v1","FALSE",,,,"TRUE","sc/ui_league_badges.sc","league_badge_004","league_badge_004_nofx","WildcardLegendary",1,,,,,,2,10,60,"league_list_icon_004"
"Template_5_Ranked4.3","TID_RANKED_LEAGUE_4",5,9,3,2,39,1,12,"Ranked1v1","FALSE",,,,"TRUE","sc/ui_league_badges.sc","league_badge_004","league_badge_004_nofx","Gold",6000,,,,,,2,10,60,"league_list_icon_004"
"Template_5_Ranked5.1","TID_RANKED_LEAGUE_5",5,10,4,0,43,1,12,"Ranked1v1","FALSE",,6,5,"TRUE","sc/ui_league_badges.sc","league_badge_005","league_badge_005_nofx","WildcardChampion",1,"Gold",20000,,,"divider_league",2,10,60,"league_list_icon_005"
"Template_5_Ranked5.2","TID_RANKED_LEAGUE_5",5,11,4,1,46,1,12,"Ranked1v1","FALSE",,,,"TRUE","sc/ui_league_badges.sc","league_badge_005","league_badge_005_nofx","Gold",6000,,,,,,2,10,60,"league_list_icon_005"
"Template_5_Ranked5.3","TID_RANKED_LEAGUE_5",5,12,4,2,50,1,12,"Ranked1v1","FALSE",,,,"TRUE","sc/ui_league_badges.sc","league_badge_005","league_badge_005_nofx","WildcardCommon",250,,,,,,2,10,60,"league_list_icon_005"
"Template_5_Ranked6.1","TID_RANKED_LEAGUE_6",5,13,5,0,54,1,13,"Ranked1v1","FALSE",,7,6,"TRUE","sc/ui_league_badges.sc","league_badge_006","league_badge_006_nofx","Gold",6000,"Chest_Shop_Small_1_Arena_L1",1,,,"divider_league",2,10,60,"league_list_icon_006"
"Template_5_Ranked6.2","TID_RANKED_LEAGUE_6",5,14,5,1,57,1,13,"Ranked1v1","FALSE",,,,"TRUE","sc/ui_league_badges.sc","league_badge_006","league_badge_006_nofx","WildcardRare",50,,,,,,2,10,60,"league_list_icon_006"
"Template_5_Ranked6.3","TID_RANKED_LEAGUE_6",5,15,5,2,61,1,13,"Ranked1v1","FALSE",,,,"TRUE","sc/ui_league_badges.sc","league_badge_006","league_badge_006_nofx","Gold",6000,,,,,,2,10,60,"league_list_icon_006"
"Template_5_Ranked7.1","TID_RANKED_LEAGUE_7",5,16,6,0,65,1,13,"Ranked1v1","FALSE",,-1,7,"TRUE","sc/ui_league_badges.sc","league_badge_007","league_badge_007_nofx","WildcardEpic",10,"Gold",25000,,,"divider_league",2,10,60,"league_list_icon_007"
"Template_5_Ranked7.2","TID_RANKED_LEAGUE_7",5,17,6,1,69,1,13,"Ranked1v1","FALSE",,,,"TRUE","sc/ui_league_badges.sc","league_badge_007","league_badge_007_nofx","Gold",6000,,,,,,2,10,60,"league_list_icon_007"
"Template_5_Ranked8.1","TID_RANKED_LEAGUE_8",5,18,7,0,73,1,14,"Ranked1v1","FALSE",,-1,8,"TRUE","sc/ui_league_badges.sc","league_badge_008","league_badge_008_nofx","WildcardLegendary",1,"Chest_Shop_Large_Legendary_Arena_L1",1,,,"divider_league",2,10,60,"league_list_icon_008"
"Template_5_Ranked8.2","TID_RANKED_LEAGUE_8",5,19,7,1,77,1,14,"Ranked1v1","FALSE",,,,"TRUE","sc/ui_league_badges.sc","league_badge_008","league_badge_008_nofx","Gold",6000,,,,,,2,10,60,"league_list_icon_008"
"Template_5_Ranked9.1","TID_RANKED_LEAGUE_9",5,20,8,0,82,1,14,"Ranked1v1","FALSE",,-1,9,"TRUE","sc/ui_league_badges.sc","league_badge_009","league_badge_009_nofx","WildcardChampion",1,"Gold",30000,,,"divider_league",2,10,60,"league_list_icon_009"
"Template_5_Ranked9.2","TID_RANKED_LEAGUE_9",5,21,8,1,87,1,14,"Ranked1v1","FALSE",,,,"TRUE","sc/ui_league_badges.sc","league_badge_009","league_badge_009_nofx","Gold",6000,,,,,,2,10,60,"league_list_icon_009"
"Template_5_Ranked10","TID_RANKED_LEAGUE_10",5,22,9,0,93,1,14,"Ranked1v1","TRUE",,-1,10,"TRUE","sc/ui_league_badges.sc","league_badge_010","league_badge_010_nofx","Gold",6000,"Emote_EmoteChronos71",1,,,"divider_league_last",15,150,90,"league_list_icon_010"
"Template_6_Ranked1.1","TID_RANKED_LEAGUE_1",6,0,0,0,0,0,11,"Ranked1v1","FALSE",,1,1,,"sc/ui_league_badges.sc","league_badge_001","league_badge_001_nofx","Gold",3000,,,,,"divider_league",1,10,60,"league_list_icon_001"
"Template_6_Ranked1.2","TID_RANKED_LEAGUE_1",6,23,0,1,3,0,11,"Ranked1v1","FALSE",,,,,"sc/ui_league_badges.sc","league_badge_001","league_badge_001_nofx","WildcardCommon",250,,,,,,1,10,60,"league_list_icon_001"
"Template_6_Ranked1.3","TID_RANKED_LEAGUE_1",6,1,0,2,7,0,11,"Ranked1v1","FALSE",,,,,"sc/ui_league_badges.sc","league_badge_001","league_badge_001_nofx","Gold",3000,,,,,,1,10,60,"league_list_icon_001"
"Template_6_Ranked2.1","TID_RANKED_LEAGUE_2",6,2,1,0,10,1,11,"Ranked1v1","FALSE",,3,2,,"sc/ui_league_badges.sc","league_badge_002","league_badge_002_nofx","Gold",6000,"Chest_Giant_Arena_L1",1,,,"divider_league",2,10,60,"league_list_icon_002"
"Template_6_Ranked2.2","TID_RANKED_LEAGUE_2",6,3,1,1,13,1,11,"Ranked1v1","FALSE",,,,,"sc/ui_league_badges.sc","league_badge_002","league_badge_002_nofx","WildcardRare",50,,,,,,2,10,60,"league_list_icon_002"
"Template_6_Ranked2.3","TID_RANKED_LEAGUE_2",6,4,1,2,17,1,11,"Ranked1v1","FALSE",,,,,"sc/ui_league_badges.sc","league_badge_002","league_badge_002_nofx","Gold",6000,,,,,,2,10,60,"league_list_icon_002"
"Template_6_Ranked3.1","TID_RANKED_LEAGUE_3",6,5,2,0,21,1,11,"Ranked1v1","FALSE",,4,3,,"sc/ui_league_badges.sc","league_badge_003","league_badge_003_nofx","WildcardEpic",10,"Gold",15000,,,"divider_league",2,10,60,"league_list_icon_003"
"Template_6_Ranked3.2","TID_RANKED_LEAGUE_3",6,24,2,1,24,1,11,"Ranked1v1","FALSE",,,,,"sc/ui_league_badges.sc","league_badge_003","league_badge_003_nofx","Gold",3000,,,,,,2,10,60,"league_list_icon_003"
"Template_6_Ranked3.3","TID_RANKED_LEAGUE_3",6,6,2,2,28,1,11,"Ranked1v1","FALSE",,,,,"sc/ui_league_badges.sc","league_badge_003","league_badge_003_nofx","Gold",6000,,,,,,2,10,60,"league_list_icon_003"
"Template_6_Ranked4.1","TID_RANKED_LEAGUE_4",6,7,3,0,32,1,12,"Ranked1v1","FALSE",,5,4,"TRUE","sc/ui_league_badges.sc","league_badge_004","league_badge_004_nofx","Emote_EmoteChronos113",1,"Chest_Magic_Arena_L1",1,,,"divider_league",2,10,60,"league_list_icon_004"
"Template_6_Ranked4.2","TID_RANKED_LEAGUE_4",6,8,3,1,35,1,12,"Ranked1v1","FALSE",,,,"TRUE","sc/ui_league_badges.sc","league_badge_004","league_badge_004_nofx","WildcardLegendary",1,,,,,,2,10,60,"league_list_icon_004"
"Template_6_Ranked4.3","TID_RANKED_LEAGUE_4",6,9,3,2,39,1,12,"Ranked1v1","FALSE",,,,"TRUE","sc/ui_league_badges.sc","league_badge_004","league_badge_004_nofx","Gold",6000,,,,,,2,10,60,"league_list_icon_004"
"Template_6_Ranked5.1","TID_RANKED_LEAGUE_5",6,10,4,0,43,1,12,"Ranked1v1","FALSE",,6,5,"TRUE","sc/ui_league_badges.sc","league_badge_005","league_badge_005_nofx","WildcardChampion",1,"Gold",20000,,,"divider_league",2,10,60,"league_list_icon_005"
"Template_6_Ranked5.2","TID_RANKED_LEAGUE_5",6,11,4,1,46,1,12,"Ranked1v1","FALSE",,,,"TRUE","sc/ui_league_badges.sc","league_badge_005","league_badge_005_nofx","Gold",6000,,,,,,2,10,60,"league_list_icon_005"
"Template_6_Ranked5.3","TID_RANKED_LEAGUE_5",6,12,4,2,50,1,12,"Ranked1v1","FALSE",,,,"TRUE","sc/ui_league_badges.sc","league_badge_005","league_badge_005_nofx","WildcardCommon",250,,,,,,2,10,60,"league_list_icon_005"
"Template_6_Ranked6.1","TID_RANKED_LEAGUE_6",6,13,5,0,54,1,13,"Ranked1v1","FALSE",,7,6,"TRUE","sc/ui_league_badges.sc","league_badge_006","league_badge_006_nofx","Gold",6000,"Chest_Shop_Small_1_Arena_L1",1,,,"divider_league",2,10,60,"league_list_icon_006"
"Template_6_Ranked6.2","TID_RANKED_LEAGUE_6",6,14,5,1,57,1,13,"Ranked1v1","FALSE",,,,"TRUE","sc/ui_league_badges.sc","league_badge_006","league_badge_006_nofx","WildcardRare",50,,,,,,2,10,60,"league_list_icon_006"
"Template_6_Ranked6.3","TID_RANKED_LEAGUE_6",6,15,5,2,61,1,13,"Ranked1v1","FALSE",,,,"TRUE","sc/ui_league_badges.sc","league_badge_006","league_badge_006_nofx","Gold",6000,,,,,,2,10,60,"league_list_icon_006"
"Template_6_Ranked7.1","TID_RANKED_LEAGUE_7",6,16,6,0,65,1,13,"Ranked1v1","FALSE",,-1,7,"TRUE","sc/ui_league_badges.sc","league_badge_007","league_badge_007_nofx","WildcardEpic",10,"Gold",25000,,,"divider_league",2,10,60,"league_list_icon_007"
"Template_6_Ranked7.2","TID_RANKED_LEAGUE_7",6,17,6,1,69,1,13,"Ranked1v1","FALSE",,,,"TRUE","sc/ui_league_badges.sc","league_badge_007","league_badge_007_nofx","Gold",6000,,,,,,2,10,60,"league_list_icon_007"
"Template_6_Ranked8.1","TID_RANKED_LEAGUE_8",6,18,7,0,73,1,14,"Ranked1v1","FALSE",,-1,8,"TRUE","sc/ui_league_badges.sc","league_badge_008","league_badge_008_nofx","WildcardLegendary",1,"Chest_Shop_Large_Legendary_Arena_L1",1,,,"divider_league",2,10,60,"league_list_icon_008"
"Template_6_Ranked8.2","TID_RANKED_LEAGUE_8",6,19,7,1,77,1,14,"Ranked1v1","FALSE",,,,"TRUE","sc/ui_league_badges.sc","league_badge_008","league_badge_008_nofx","Gold",6000,,,,,,2,10,60,"league_list_icon_008"
"Template_6_Ranked9.1","TID_RANKED_LEAGUE_9",6,20,8,0,82,1,14,"Ranked1v1","FALSE",,-1,9,"TRUE","sc/ui_league_badges.sc","league_badge_009","league_badge_009_nofx","WildcardChampion",1,"Gold",30000,,,"divider_league",2,10,60,"league_list_icon_009"
"Template_6_Ranked9.2","TID_RANKED_LEAGUE_9",6,21,8,1,87,1,14,"Ranked1v1","FALSE",,,,"TRUE","sc/ui_league_badges.sc","league_badge_009","league_badge_009_nofx","Gold",6000,,,,,,2,10,60,"league_list_icon_009"
"Template_6_Ranked10","TID_RANKED_LEAGUE_10",6,22,9,0,93,1,14,"Ranked1v1","TRUE",,-1,10,"TRUE","sc/ui_league_badges.sc","league_badge_010","league_badge_010_nofx","Gold",6000,"Emote_EmoteChronos71",1,,,"divider_league_last",15,150,90,"league_list_icon_010"
"Template_7_Ranked1.1","TID_RANKED_LEAGUE_1",7,0,0,0,0,0,11,"Ranked1v1","FALSE",,1,1,,"sc/ui_league_badges.sc","league_badge_001","league_badge_001_nofx","Gold",3000,,,,,"divider_league",1,10,60,"league_list_icon_001"
"Template_7_Ranked1.2","TID_RANKED_LEAGUE_1",7,23,0,1,3,0,11,"Ranked1v1","FALSE",,,,,"sc/ui_league_badges.sc","league_badge_001","league_badge_001_nofx","WildcardCommon",250,,,,,,1,10,60,"league_list_icon_001"
"Template_7_Ranked1.3","TID_RANKED_LEAGUE_1",7,1,0,2,7,0,11,"Ranked1v1","FALSE",,,,,"sc/ui_league_badges.sc","league_badge_001","league_badge_001_nofx","Gold",3000,,,,,,1,10,60,"league_list_icon_001"
"Template_7_Ranked2.1","TID_RANKED_LEAGUE_2",7,2,1,0,10,1,11,"Ranked1v1","FALSE",,3,2,,"sc/ui_league_badges.sc","league_badge_002","league_badge_002_nofx","Gold",6000,"Chest_Giant_Arena_L1",1,,,"divider_league",2,10,60,"league_list_icon_002"
"Template_7_Ranked2.2","TID_RANKED_LEAGUE_2",7,3,1,1,13,1,11,"Ranked1v1","FALSE",,,,,"sc/ui_league_badges.sc","league_badge_002","league_badge_002_nofx","WildcardRare",50,,,,,,2,10,60,"league_list_icon_002"
"Template_7_Ranked2.3","TID_RANKED_LEAGUE_2",7,4,1,2,17,1,11,"Ranked1v1","FALSE",,,,,"sc/ui_league_badges.sc","league_badge_002","league_badge_002_nofx","Gold",6000,,,,,,2,10,60,"league_list_icon_002"
"Template_7_Ranked3.1","TID_RANKED_LEAGUE_3",7,5,2,0,21,1,11,"Ranked1v1","FALSE",,4,3,,"sc/ui_league_badges.sc","league_badge_003","league_badge_003_nofx","WildcardEpic",10,"Gold",15000,,,"divider_league",2,10,60,"league_list_icon_003"
"Template_7_Ranked3.2","TID_RANKED_LEAGUE_3",7,24,2,1,24,1,11,"Ranked1v1","FALSE",,,,,"sc/ui_league_badges.sc","league_badge_003","league_badge_003_nofx","Gold",3000,,,,,,2,10,60,"league_list_icon_003"
"Template_7_Ranked3.3","TID_RANKED_LEAGUE_3",7,6,2,2,28,1,11,"Ranked1v1","FALSE",,,,,"sc/ui_league_badges.sc","league_badge_003","league_badge_003_nofx","Gold",6000,,,,,,2,10,60,"league_list_icon_003"
"Template_7_Ranked4.1","TID_RANKED_LEAGUE_4",7,7,3,0,32,1,12,"Ranked1v1","FALSE",,5,4,"TRUE","sc/ui_league_badges.sc","league_badge_004","league_badge_004_nofx","Emote_EmoteChronos116",1,"Chest_Magic_Arena_L1",1,,,"divider_league",2,10,60,"league_list_icon_004"
"Template_7_Ranked4.2","TID_RANKED_LEAGUE_4",7,8,3,1,35,1,12,"Ranked1v1","FALSE",,,,"TRUE","sc/ui_league_badges.sc","league_badge_004","league_badge_004_nofx","WildcardLegendary",1,,,,,,2,10,60,"league_list_icon_004"
"Template_7_Ranked4.3","TID_RANKED_LEAGUE_4",7,9,3,2,39,1,12,"Ranked1v1","FALSE",,,,"TRUE","sc/ui_league_badges.sc","league_badge_004","league_badge_004_nofx","WildcardElite",2500,,,,,,2,10,60,"league_list_icon_004"
"Template_7_Ranked5.1","TID_RANKED_LEAGUE_5",7,10,4,0,43,1,12,"Ranked1v1","FALSE",,6,5,"TRUE","sc/ui_league_badges.sc","league_badge_005","league_badge_005_nofx","WildcardChampion",1,"Gold",20000,,,"divider_league",2,10,60,"league_list_icon_005"
"Template_7_Ranked5.2","TID_RANKED_LEAGUE_5",7,11,4,1,46,1,12,"Ranked1v1","FALSE",,,,"TRUE","sc/ui_league_badges.sc","league_badge_005","league_badge_005_nofx","Gold",12000,,,,,,2,10,60,"league_list_icon_005"
"Template_7_Ranked5.3","TID_RANKED_LEAGUE_5",7,12,4,2,50,1,12,"Ranked1v1","FALSE",,,,"TRUE","sc/ui_league_badges.sc","league_badge_005","league_badge_005_nofx","WildcardCommon",250,,,,,,2,10,60,"league_list_icon_005"
"Template_7_Ranked6.1","TID_RANKED_LEAGUE_6",7,13,5,0,54,1,13,"Ranked1v1","FALSE",,7,6,"TRUE","sc/ui_league_badges.sc","league_badge_006","league_badge_006_nofx","WildcardElite",5000,"Chest_Shop_Small_1_Arena_L1",1,,,"divider_league",2,10,60,"league_list_icon_006"
"Template_7_Ranked6.2","TID_RANKED_LEAGUE_6",7,14,5,1,57,1,13,"Ranked1v1","FALSE",,,,"TRUE","sc/ui_league_badges.sc","league_badge_006","league_badge_006_nofx","WildcardRare",50,,,,,,2,10,60,"league_list_icon_006"
"Template_7_Ranked6.3","TID_RANKED_LEAGUE_6",7,15,5,2,61,1,13,"Ranked1v1","FALSE",,,,"TRUE","sc/ui_league_badges.sc","league_badge_006","league_badge_006_nofx","Gold",12000,,,,,,2,10,60,"league_list_icon_006"
"Template_7_Ranked7.1","TID_RANKED_LEAGUE_7",7,16,6,0,65,1,13,"Ranked1v1","FALSE",,-1,7,"TRUE","sc/ui_league_badges.sc","league_badge_007","league_badge_007_nofx","WildcardEpic",10,"Gold",25000,,,"divider_league",2,10,60,"league_list_icon_007"
"Template_7_Ranked7.2","TID_RANKED_LEAGUE_7",7,17,6,1,69,1,13,"Ranked1v1","FALSE",,,,"TRUE","sc/ui_league_badges.sc","league_badge_007","league_badge_007_nofx","WildcardElite",7500,,,,,,2,10,60,"league_list_icon_007"
"Template_7_Ranked8.1","TID_RANKED_LEAGUE_8",7,18,7,0,73,1,14,"Ranked1v1","FALSE",,-1,8,"TRUE","sc/ui_league_badges.sc","league_badge_008","league_badge_008_nofx","WildcardLegendary",1,"Chest_Shop_Large_Legendary_Arena_L1",1,,,"divider_league",2,10,60,"league_list_icon_008"
"Template_7_Ranked8.2","TID_RANKED_LEAGUE_8",7,19,7,1,77,1,14,"Ranked1v1","FALSE",,,,"TRUE","sc/ui_league_badges.sc","league_badge_008","league_badge_008_nofx","Gold",12000,,,,,,2,10,60,"league_list_icon_008"
"Template_7_Ranked9.1","TID_RANKED_LEAGUE_9",7,20,8,0,82,1,14,"Ranked1v1","FALSE",,-1,9,"TRUE","sc/ui_league_badges.sc","league_badge_009","league_badge_009_nofx","WildcardChampion",1,"Gold",30000,,,"divider_league",2,10,60,"league_list_icon_009"
"Template_7_Ranked9.2","TID_RANKED_LEAGUE_9",7,21,8,1,87,1,14,"Ranked1v1","FALSE",,,,"TRUE","sc/ui_league_badges.sc","league_badge_009","league_badge_009_nofx","WildcardElite",10000,,,,,,2,10,60,"league_list_icon_009"
"Template_7_Ranked10","TID_RANKED_LEAGUE_10",7,22,9,0,93,1,14,"Ranked1v1","TRUE",,-1,10,"TRUE","sc/ui_league_badges.sc","league_badge_010","league_badge_010_nofx","Gold",12000,"Emote_EmoteChronos71",1,,,"divider_league_last",15,150,90,"league_list_icon_010"
"Template_8_Ranked1.1","TID_RANKED_LEAGUE_1",8,0,0,0,0,0,11,"Ranked1v1","FALSE",,1,1,,"sc/ui_league_badges.sc","league_badge_001","league_badge_001_nofx","Gold",3000,,,,,"divider_league",1,10,60,"league_list_icon_001"
"Template_8_Ranked1.2","TID_RANKED_LEAGUE_1",8,23,0,1,3,0,11,"Ranked1v1","FALSE",,,,,"sc/ui_league_badges.sc","league_badge_001","league_badge_001_nofx","WildcardCommon",250,,,,,,1,10,60,"league_list_icon_001"
"Template_8_Ranked1.3","TID_RANKED_LEAGUE_1",8,1,0,2,7,0,11,"Ranked1v1","FALSE",,,,,"sc/ui_league_badges.sc","league_badge_001","league_badge_001_nofx","Gold",3000,,,,,,1,10,60,"league_list_icon_001"
"Template_8_Ranked2.1","TID_RANKED_LEAGUE_2",8,2,1,0,10,1,11,"Ranked1v1","FALSE",,3,2,,"sc/ui_league_badges.sc","league_badge_002","league_badge_002_nofx","Gold",6000,"Chest_Giant_Arena_L1",1,,,"divider_league",2,10,60,"league_list_icon_002"
"Template_8_Ranked2.2","TID_RANKED_LEAGUE_2",8,3,1,1,13,1,11,"Ranked1v1","FALSE",,,,,"sc/ui_league_badges.sc","league_badge_002","league_badge_002_nofx","WildcardRare",50,,,,,,2,10,60,"league_list_icon_002"
"Template_8_Ranked2.3","TID_RANKED_LEAGUE_2",8,4,1,2,17,1,11,"Ranked1v1","FALSE",,,,,"sc/ui_league_badges.sc","league_badge_002","league_badge_002_nofx","Gold",6000,,,,,,2,10,60,"league_list_icon_002"
"Template_8_Ranked3.1","TID_RANKED_LEAGUE_3",8,5,2,0,21,1,11,"Ranked1v1","FALSE",,4,3,,"sc/ui_league_badges.sc","league_badge_003","league_badge_003_nofx","WildcardEpic",10,"Gold",15000,,,"divider_league",2,10,60,"league_list_icon_003"
"Template_8_Ranked3.2","TID_RANKED_LEAGUE_3",8,24,2,1,24,1,11,"Ranked1v1","FALSE",,,,,"sc/ui_league_badges.sc","league_badge_003","league_badge_003_nofx","Gold",3000,,,,,,2,10,60,"league_list_icon_003"
"Template_8_Ranked3.3","TID_RANKED_LEAGUE_3",8,6,2,2,28,1,11,"Ranked1v1","FALSE",,,,,"sc/ui_league_badges.sc","league_badge_003","league_badge_003_nofx","Gold",6000,,,,,,2,10,60,"league_list_icon_003"
"Template_8_Ranked4.1","TID_RANKED_LEAGUE_4",8,7,3,0,32,1,12,"Ranked1v1","FALSE",,5,4,"TRUE","sc/ui_league_badges.sc","league_badge_004","league_badge_004_nofx","Emote_EmoteChronos122",1,"Chest_Magic_Arena_L1",1,,,"divider_league",2,10,60,"league_list_icon_004"
"Template_8_Ranked4.2","TID_RANKED_LEAGUE_4",8,8,3,1,35,1,12,"Ranked1v1","FALSE",,,,"TRUE","sc/ui_league_badges.sc","league_badge_004","league_badge_004_nofx","WildcardLegendary",1,,,,,,2,10,60,"league_list_icon_004"
"Template_8_Ranked4.3","TID_RANKED_LEAGUE_4",8,9,3,2,39,1,12,"Ranked1v1","FALSE",,,,"TRUE","sc/ui_league_badges.sc","league_badge_004","league_badge_004_nofx","WildcardElite",2500,,,,,,2,10,60,"league_list_icon_004"
"Template_8_Ranked5.1","TID_RANKED_LEAGUE_5",8,10,4,0,43,1,12,"Ranked1v1","FALSE",,6,5,"TRUE","sc/ui_league_badges.sc","league_badge_005","league_badge_005_nofx","WildcardChampion",1,"Gold",20000,,,"divider_league",2,10,60,"league_list_icon_005"
"Template_8_Ranked5.2","TID_RANKED_LEAGUE_5",8,11,4,1,46,1,12,"Ranked1v1","FALSE",,,,"TRUE","sc/ui_league_badges.sc","league_badge_005","league_badge_005_nofx","Gold",12000,,,,,,2,10,60,"league_list_icon_005"
"Template_8_Ranked5.3","TID_RANKED_LEAGUE_5",8,12,4,2,50,1,12,"Ranked1v1","FALSE",,,,"TRUE","sc/ui_league_badges.sc","league_badge_005","league_badge_005_nofx","WildcardCommon",250,,,,,,2,10,60,"league_list_icon_005"
"Template_8_Ranked6.1","TID_RANKED_LEAGUE_6",8,13,5,0,54,1,13,"Ranked1v1","FALSE",,7,6,"TRUE","sc/ui_league_badges.sc","league_badge_006","league_badge_006_nofx","WildcardElite",5000,"Chest_Shop_Small_1_Arena_L1",1,,,"divider_league",2,10,60,"league_list_icon_006"
"Template_8_Ranked6.2","TID_RANKED_LEAGUE_6",8,14,5,1,57,1,13,"Ranked1v1","FALSE",,,,"TRUE","sc/ui_league_badges.sc","league_badge_006","league_badge_006_nofx","WildcardRare",50,,,,,,2,10,60,"league_list_icon_006"
"Template_8_Ranked6.3","TID_RANKED_LEAGUE_6",8,15,5,2,61,1,13,"Ranked1v1","FALSE",,,,"TRUE","sc/ui_league_badges.sc","league_badge_006","league_badge_006_nofx","Gold",12000,,,,,,2,10,60,"league_list_icon_006"
"Template_8_Ranked7.1","TID_RANKED_LEAGUE_7",8,16,6,0,65,1,13,"Ranked1v1","FALSE",,-1,7,"TRUE","sc/ui_league_badges.sc","league_badge_007","league_badge_007_nofx","WildcardEpic",10,"Gold",25000,,,"divider_league",2,10,60,"league_list_icon_007"
"Template_8_Ranked7.2","TID_RANKED_LEAGUE_7",8,17,6,1,69,1,13,"Ranked1v1","FALSE",,,,"TRUE","sc/ui_league_badges.sc","league_badge_007","league_badge_007_nofx","WildcardElite",7500,,,,,,2,10,60,"league_list_icon_007"
"Template_8_Ranked8.1","TID_RANKED_LEAGUE_8",8,18,7,0,73,1,14,"Ranked1v1","FALSE",,-1,8,"TRUE","sc/ui_league_badges.sc","league_badge_008","league_badge_008_nofx","WildcardLegendary",1,"Chest_Shop_Large_Legendary_Arena_L1",1,,,"divider_league",2,10,60,"league_list_icon_008"
"Template_8_Ranked8.2","TID_RANKED_LEAGUE_8",8,19,7,1,77,1,14,"Ranked1v1","FALSE",,,,"TRUE","sc/ui_league_badges.sc","league_badge_008","league_badge_008_nofx","Gold",12000,,,,,,2,10,60,"league_list_icon_008"
"Template_8_Ranked9.1","TID_RANKED_LEAGUE_9",8,20,8,0,82,1,14,"Ranked1v1","FALSE",,-1,9,"TRUE","sc/ui_league_badges.sc","league_badge_009","league_badge_009_nofx","WildcardChampion",1,"Gold",30000,,,"divider_league",2,10,60,"league_list_icon_009"
"Template_8_Ranked9.2","TID_RANKED_LEAGUE_9",8,21,8,1,87,1,14,"Ranked1v1","FALSE",,,,"TRUE","sc/ui_league_badges.sc","league_badge_009","league_badge_009_nofx","WildcardElite",10000,,,,,,2,10,60,"league_list_icon_009"
"Template_8_Ranked10","TID_RANKED_LEAGUE_10",8,22,9,0,93,1,14,"Ranked1v1","TRUE",,-1,10,"TRUE","sc/ui_league_badges.sc","league_badge_010","league_badge_010_nofx","Gold",12000,"Emote_EmoteChronos71",1,,,"divider_league_last",15,150,90,"league_list_icon_010"
"Template_9_Ranked1.1","TID_RANKED_LEAGUE_1",9,0,0,0,0,0,11,"Ranked1v1","FALSE",,1,1,,"sc/ui_league_badges.sc","league_badge_001","league_badge_001_nofx","Gold",3000,,,,,"divider_league",1,10,60,"league_list_icon_001"
"Template_9_Ranked1.2","TID_RANKED_LEAGUE_1",9,23,0,1,3,0,11,"Ranked1v1","FALSE",,,,,"sc/ui_league_badges.sc","league_badge_001","league_badge_001_nofx","WildcardCommon",250,,,,,,1,10,60,"league_list_icon_001"
"Template_9_Ranked1.3","TID_RANKED_LEAGUE_1",9,1,0,2,7,0,11,"Ranked1v1","FALSE",,,,,"sc/ui_league_badges.sc","league_badge_001","league_badge_001_nofx","Gold",3000,,,,,,1,10,60,"league_list_icon_001"
"Template_9_Ranked2.1","TID_RANKED_LEAGUE_2",9,2,1,0,10,1,11,"Ranked1v1","FALSE",,3,2,,"sc/ui_league_badges.sc","league_badge_002","league_badge_002_nofx","Gold",6000,"Chest_Giant_Arena_L1",1,,,"divider_league",2,10,60,"league_list_icon_002"
"Template_9_Ranked2.2","TID_RANKED_LEAGUE_2",9,3,1,1,13,1,11,"Ranked1v1","FALSE",,,,,"sc/ui_league_badges.sc","league_badge_002","league_badge_002_nofx","WildcardRare",50,,,,,,2,10,60,"league_list_icon_002"
"Template_9_Ranked2.3","TID_RANKED_LEAGUE_2",9,4,1,2,17,1,11,"Ranked1v1","FALSE",,,,,"sc/ui_league_badges.sc","league_badge_002","league_badge_002_nofx","Gold",6000,,,,,,2,10,60,"league_list_icon_002"
"Template_9_Ranked3.1","TID_RANKED_LEAGUE_3",9,5,2,0,21,1,11,"Ranked1v1","FALSE",,4,3,,"sc/ui_league_badges.sc","league_badge_003","league_badge_003_nofx","WildcardEpic",10,"Gold",15000,,,"divider_league",2,10,60,"league_list_icon_003"
"Template_9_Ranked3.2","TID_RANKED_LEAGUE_3",9,24,2,1,24,1,11,"Ranked1v1","FALSE",,,,,"sc/ui_league_badges.sc","league_badge_003","league_badge_003_nofx","Gold",3000,,,,,,2,10,60,"league_list_icon_003"
"Template_9_Ranked3.3","TID_RANKED_LEAGUE_3",9,6,2,2,28,1,11,"Ranked1v1","FALSE",,,,,"sc/ui_league_badges.sc","league_badge_003","league_badge_003_nofx","Gold",6000,,,,,,2,10,60,"league_list_icon_003"
"Template_9_Ranked4.1","TID_RANKED_LEAGUE_4",9,7,3,0,32,1,12,"Ranked1v1","FALSE",,5,4,"TRUE","sc/ui_league_badges.sc","league_badge_004","league_badge_004_nofx","Emote_EmoteChronos128",1,"Chest_Magic_Arena_L1",1,,,"divider_league",2,10,60,"league_list_icon_004"
"Template_9_Ranked4.2","TID_RANKED_LEAGUE_4",9,8,3,1,35,1,12,"Ranked1v1","FALSE",,,,"TRUE","sc/ui_league_badges.sc","league_badge_004","league_badge_004_nofx","WildcardLegendary",1,,,,,,2,10,60,"league_list_icon_004"
"Template_9_Ranked4.3","TID_RANKED_LEAGUE_4",9,9,3,2,39,1,12,"Ranked1v1","FALSE",,,,"TRUE","sc/ui_league_badges.sc","league_badge_004","league_badge_004_nofx","WildcardElite",2500,,,,,,2,10,60,"league_list_icon_004"
"Template_9_Ranked5.1","TID_RANKED_LEAGUE_5",9,10,4,0,43,1,12,"Ranked1v1","FALSE",,6,5,"TRUE","sc/ui_league_badges.sc","league_badge_005","league_badge_005_nofx","WildcardChampion",1,"Gold",20000,,,"divider_league",2,10,60,"league_list_icon_005"
"Template_9_Ranked5.2","TID_RANKED_LEAGUE_5",9,11,4,1,46,1,12,"Ranked1v1","FALSE",,,,"TRUE","sc/ui_league_badges.sc","league_badge_005","league_badge_005_nofx","Gold",12000,,,,,,2,10,60,"league_list_icon_005"
"Template_9_Ranked5.3","TID_RANKED_LEAGUE_5",9,12,4,2,50,1,12,"Ranked1v1","FALSE",,,,"TRUE","sc/ui_league_badges.sc","league_badge_005","league_badge_005_nofx","WildcardCommon",250,,,,,,2,10,60,"league_list_icon_005"
"Template_9_Ranked6.1","TID_RANKED_LEAGUE_6",9,13,5,0,54,1,13,"Ranked1v1","FALSE",,7,6,"TRUE","sc/ui_league_badges.sc","league_badge_006","league_badge_006_nofx","WildcardElite",5000,"Chest_Shop_Small_1_Arena_L1",1,,,"divider_league",2,10,60,"league_list_icon_006"
"Template_9_Ranked6.2","TID_RANKED_LEAGUE_6",9,14,5,1,57,1,13,"Ranked1v1","FALSE",,,,"TRUE","sc/ui_league_badges.sc","league_badge_006","league_badge_006_nofx","WildcardRare",50,,,,,,2,10,60,"league_list_icon_006"
"Template_9_Ranked6.3","TID_RANKED_LEAGUE_6",9,15,5,2,61,1,13,"Ranked1v1","FALSE",,,,"TRUE","sc/ui_league_badges.sc","league_badge_006","league_badge_006_nofx","Gold",12000,,,,,,2,10,60,"league_list_icon_006"
"Template_9_Ranked7.1","TID_RANKED_LEAGUE_7",9,16,6,0,65,1,13,"Ranked1v1","FALSE",,-1,7,"TRUE","sc/ui_league_badges.sc","league_badge_007","league_badge_007_nofx","WildcardEpic",10,"Gold",25000,,,"divider_league",2,10,60,"league_list_icon_007"
"Template_9_Ranked7.2","TID_RANKED_LEAGUE_7",9,17,6,1,69,1,13,"Ranked1v1","FALSE",,,,"TRUE","sc/ui_league_badges.sc","league_badge_007","league_badge_007_nofx","WildcardElite",7500,,,,,,2,10,60,"league_list_icon_007"
"Template_9_Ranked8.1","TID_RANKED_LEAGUE_8",9,18,7,0,73,1,14,"Ranked1v1","FALSE",,-1,8,"TRUE","sc/ui_league_badges.sc","league_badge_008","league_badge_008_nofx","WildcardLegendary",1,"Chest_Shop_Large_Legendary_Arena_L1",1,,,"divider_league",2,10,60,"league_list_icon_008"
"Template_9_Ranked8.2","TID_RANKED_LEAGUE_8",9,19,7,1,77,1,14,"Ranked1v1","FALSE",,,,"TRUE","sc/ui_league_badges.sc","league_badge_008","league_badge_008_nofx","Gold",12000,,,,,,2,10,60,"league_list_icon_008"
"Template_9_Ranked9.1","TID_RANKED_LEAGUE_9",9,20,8,0,82,1,14,"Ranked1v1","FALSE",,-1,9,"TRUE","sc/ui_league_badges.sc","league_badge_009","league_badge_009_nofx","WildcardChampion",1,"Gold",30000,,,"divider_league",2,10,60,"league_list_icon_009"
"Template_9_Ranked9.2","TID_RANKED_LEAGUE_9",9,21,8,1,87,1,14,"Ranked1v1","FALSE",,,,"TRUE","sc/ui_league_badges.sc","league_badge_009","league_badge_009_nofx","WildcardElite",10000,,,,,,2,10,60,"league_list_icon_009"
"Template_9_Ranked10","TID_RANKED_LEAGUE_10",9,22,9,0,93,1,14,"Ranked1v1","TRUE",,-1,10,"TRUE","sc/ui_league_badges.sc","league_badge_010","league_badge_010_nofx","Gold",12000,"Emote_EmoteChronos71",1,,,"divider_league_last",15,150,90,"league_list_icon_010"
"Template_10_Ranked1.1","TID_RANKED_LEAGUE_1",10,0,0,0,0,0,11,"Ranked1v1","FALSE",,1,1,,"sc/ui_league_badges.sc","league_badge_001","league_badge_001_nofx","Gold",3000,,,,,"divider_league",1,10,60,"league_list_icon_001"
"Template_10_Ranked1.2","TID_RANKED_LEAGUE_1",10,23,0,1,3,0,11,"Ranked1v1","FALSE",,,,,"sc/ui_league_badges.sc","league_badge_001","league_badge_001_nofx","WildcardCommon",250,,,,,,1,10,60,"league_list_icon_001"
"Template_10_Ranked1.3","TID_RANKED_LEAGUE_1",10,1,0,2,7,0,11,"Ranked1v1","FALSE",,,,,"sc/ui_league_badges.sc","league_badge_001","league_badge_001_nofx","Gold",3000,,,,,,1,10,60,"league_list_icon_001"
"Template_10_Ranked2.1","TID_RANKED_LEAGUE_2",10,2,1,0,10,1,11,"Ranked1v1","FALSE",,3,2,,"sc/ui_league_badges.sc","league_badge_002","league_badge_002_nofx","Gold",6000,"Chest_Giant_Arena_L1",1,,,"divider_league",2,10,60,"league_list_icon_002"
"Template_10_Ranked2.2","TID_RANKED_LEAGUE_2",10,3,1,1,13,1,11,"Ranked1v1","FALSE",,,,,"sc/ui_league_badges.sc","league_badge_002","league_badge_002_nofx","WildcardRare",50,,,,,,2,10,60,"league_list_icon_002"
"Template_10_Ranked2.3","TID_RANKED_LEAGUE_2",10,4,1,2,17,1,11,"Ranked1v1","FALSE",,,,,"sc/ui_league_badges.sc","league_badge_002","league_badge_002_nofx","Gold",6000,,,,,,2,10,60,"league_list_icon_002"
"Template_10_Ranked3.1","TID_RANKED_LEAGUE_3",10,5,2,0,21,1,11,"Ranked1v1","FALSE",,4,3,,"sc/ui_league_badges.sc","league_badge_003","league_badge_003_nofx","WildcardEpic",10,"Gold",15000,,,"divider_league",2,10,60,"league_list_icon_003"
"Template_10_Ranked3.2","TID_RANKED_LEAGUE_3",10,24,2,1,24,1,11,"Ranked1v1","FALSE",,,,,"sc/ui_league_badges.sc","league_badge_003","league_badge_003_nofx","Gold",3000,,,,,,2,10,60,"league_list_icon_003"
"Template_10_Ranked3.3","TID_RANKED_LEAGUE_3",10,6,2,2,28,1,11,"Ranked1v1","FALSE",,,,,"sc/ui_league_badges.sc","league_badge_003","league_badge_003_nofx","Gold",6000,,,,,,2,10,60,"league_list_icon_003"
"Template_10_Ranked4.1","TID_RANKED_LEAGUE_4",10,7,3,0,32,1,12,"Ranked1v1","FALSE",,5,4,"TRUE","sc/ui_league_badges.sc","league_badge_004","league_badge_004_nofx","Emote_EmoteChronos138",1,"Chest_Magic_Arena_L1",1,,,"divider_league",2,10,60,"league_list_icon_004"
"Template_10_Ranked4.2","TID_RANKED_LEAGUE_4",10,8,3,1,35,1,12,"Ranked1v1","FALSE",,,,"TRUE","sc/ui_league_badges.sc","league_badge_004","league_badge_004_nofx","WildcardLegendary",1,,,,,,2,10,60,"league_list_icon_004"
"Template_10_Ranked4.3","TID_RANKED_LEAGUE_4",10,9,3,2,39,1,12,"Ranked1v1","FALSE",,,,"TRUE","sc/ui_league_badges.sc","league_badge_004","league_badge_004_nofx","WildcardElite",2500,,,,,,2,10,60,"league_list_icon_004"
"Template_10_Ranked5.1","TID_RANKED_LEAGUE_5",10,10,4,0,43,1,12,"Ranked1v1","FALSE",,6,5,"TRUE","sc/ui_league_badges.sc","league_badge_005","league_badge_005_nofx","WildcardChampion",1,"Gold",20000,,,"divider_league",2,10,60,"league_list_icon_005"
"Template_10_Ranked5.2","TID_RANKED_LEAGUE_5",10,11,4,1,46,1,12,"Ranked1v1","FALSE",,,,"TRUE","sc/ui_league_badges.sc","league_badge_005","league_badge_005_nofx","Gold",12000,,,,,,2,10,60,"league_list_icon_005"
"Template_10_Ranked5.3","TID_RANKED_LEAGUE_5",10,12,4,2,50,1,12,"Ranked1v1","FALSE",,,,"TRUE","sc/ui_league_badges.sc","league_badge_005","league_badge_005_nofx","WildcardCommon",250,,,,,,2,10,60,"league_list_icon_005"
"Template_10_Ranked6.1","TID_RANKED_LEAGUE_6",10,13,5,0,54,1,13,"Ranked1v1","FALSE",,7,6,"TRUE","sc/ui_league_badges.sc","league_badge_006","league_badge_006_nofx","WildcardElite",5000,"Chest_Shop_Small_1_Arena_L1",1,,,"divider_league",2,10,60,"league_list_icon_006"
"Template_10_Ranked6.2","TID_RANKED_LEAGUE_6",10,14,5,1,57,1,13,"Ranked1v1","FALSE",,,,"TRUE","sc/ui_league_badges.sc","league_badge_006","league_badge_006_nofx","WildcardRare",50,,,,,,2,10,60,"league_list_icon_006"
"Template_10_Ranked6.3","TID_RANKED_LEAGUE_6",10,15,5,2,61,1,13,"Ranked1v1","FALSE",,,,"TRUE","sc/ui_league_badges.sc","league_badge_006","league_badge_006_nofx","Gold",12000,,,,,,2,10,60,"league_list_icon_006"
"Template_10_Ranked7.1","TID_RANKED_LEAGUE_7",10,16,6,0,65,1,13,"Ranked1v1","FALSE",,-1,7,"TRUE","sc/ui_league_badges.sc","league_badge_007","league_badge_007_nofx","WildcardEpic",10,"Gold",25000,,,"divider_league",2,10,60,"league_list_icon_007"
"Template_10_Ranked7.2","TID_RANKED_LEAGUE_7",10,17,6,1,69,1,13,"Ranked1v1","FALSE",,,,"TRUE","sc/ui_league_badges.sc","league_badge_007","league_badge_007_nofx","WildcardElite",7500,,,,,,2,10,60,"league_list_icon_007"
"Template_10_Ranked8.1","TID_RANKED_LEAGUE_8",10,18,7,0,73,1,14,"Ranked1v1","FALSE",,-1,8,"TRUE","sc/ui_league_badges.sc","league_badge_008","league_badge_008_nofx","WildcardLegendary",1,"Chest_Shop_Large_Legendary_Arena_L1",1,,,"divider_league",2,10,60,"league_list_icon_008"
"Template_10_Ranked8.2","TID_RANKED_LEAGUE_8",10,19,7,1,77,1,14,"Ranked1v1","FALSE",,,,"TRUE","sc/ui_league_badges.sc","league_badge_008","league_badge_008_nofx","Gold",12000,,,,,,2,10,60,"league_list_icon_008"
"Template_10_Ranked9.1","TID_RANKED_LEAGUE_9",10,20,8,0,82,1,14,"Ranked1v1","FALSE",,-1,9,"TRUE","sc/ui_league_badges.sc","league_badge_009","league_badge_009_nofx","WildcardChampion",1,"Gold",30000,,,"divider_league",2,10,60,"league_list_icon_009"
"Template_10_Ranked9.2","TID_RANKED_LEAGUE_9",10,21,8,1,87,1,14,"Ranked1v1","FALSE",,,,"TRUE","sc/ui_league_badges.sc","league_badge_009","league_badge_009_nofx","WildcardElite",10000,,,,,,2,10,60,"league_list_icon_009"
"Template_10_Ranked10","TID_RANKED_LEAGUE_10",10,22,9,0,93,1,14,"Ranked1v1","TRUE",,-1,10,"TRUE","sc/ui_league_badges.sc","league_badge_010","league_badge_010_nofx","Gold",12000,"Emote_EmoteChronos71",1,,,"divider_league_last",15,150,90,"league_list_icon_010"
"Template_11_Ranked1.1","TID_RANKED_LEAGUE_1",11,0,0,0,0,0,11,"Ranked1v1","FALSE",,1,1,,"sc/ui_league_badges.sc","league_badge_001","league_badge_001_nofx","Gold",3000,,,,,"divider_league",1,10,60,"league_list_icon_001"
"Template_11_Ranked1.2","TID_RANKED_LEAGUE_1",11,23,0,1,3,0,11,"Ranked1v1","FALSE",,,,,"sc/ui_league_badges.sc","league_badge_001","league_badge_001_nofx","WildcardCommon",250,,,,,,1,10,60,"league_list_icon_001"
"Template_11_Ranked1.3","TID_RANKED_LEAGUE_1",11,1,0,2,7,0,11,"Ranked1v1","FALSE",,,,,"sc/ui_league_badges.sc","league_badge_001","league_badge_001_nofx","Gold",3000,,,,,,1,10,60,"league_list_icon_001"
"Template_11_Ranked2.1","TID_RANKED_LEAGUE_2",11,2,1,0,10,1,11,"Ranked1v1","FALSE",,3,2,,"sc/ui_league_badges.sc","league_badge_002","league_badge_002_nofx","Gold",6000,"Chest_Giant_Arena_L1",1,,,"divider_league",2,10,60,"league_list_icon_002"
"Template_11_Ranked2.2","TID_RANKED_LEAGUE_2",11,3,1,1,13,1,11,"Ranked1v1","FALSE",,,,,"sc/ui_league_badges.sc","league_badge_002","league_badge_002_nofx","WildcardRare",50,,,,,,2,10,60,"league_list_icon_002"
"Template_11_Ranked2.3","TID_RANKED_LEAGUE_2",11,4,1,2,17,1,11,"Ranked1v1","FALSE",,,,,"sc/ui_league_badges.sc","league_badge_002","league_badge_002_nofx","Gold",6000,,,,,,2,10,60,"league_list_icon_002"
"Template_11_Ranked3.1","TID_RANKED_LEAGUE_3",11,5,2,0,21,1,11,"Ranked1v1","FALSE",,4,3,,"sc/ui_league_badges.sc","league_badge_003","league_badge_003_nofx","WildcardEpic",10,"Gold",15000,,,"divider_league",2,10,60,"league_list_icon_003"
"Template_11_Ranked3.2","TID_RANKED_LEAGUE_3",11,24,2,1,24,1,11,"Ranked1v1","FALSE",,,,,"sc/ui_league_badges.sc","league_badge_003","league_badge_003_nofx","Gold",3000,,,,,,2,10,60,"league_list_icon_003"
"Template_11_Ranked3.3","TID_RANKED_LEAGUE_3",11,6,2,2,28,1,11,"Ranked1v1","FALSE",,,,,"sc/ui_league_badges.sc","league_badge_003","league_badge_003_nofx","Gold",6000,,,,,,2,10,60,"league_list_icon_003"
"Template_11_Ranked4.1","TID_RANKED_LEAGUE_4",11,7,3,0,32,1,12,"Ranked1v1","FALSE",,5,4,"TRUE","sc/ui_league_badges.sc","league_badge_004","league_badge_004_nofx","Emote_EmoteChronos140",1,"Chest_Magic_Arena_L1",1,,,"divider_league",2,10,60,"league_list_icon_004"
"Template_11_Ranked4.2","TID_RANKED_LEAGUE_4",11,8,3,1,35,1,12,"Ranked1v1","FALSE",,,,"TRUE","sc/ui_league_badges.sc","league_badge_004","league_badge_004_nofx","WildcardLegendary",1,,,,,,2,10,60,"league_list_icon_004"
"Template_11_Ranked4.3","TID_RANKED_LEAGUE_4",11,9,3,2,39,1,12,"Ranked1v1","FALSE",,,,"TRUE","sc/ui_league_badges.sc","league_badge_004","league_badge_004_nofx","WildcardElite",2500,,,,,,2,10,60,"league_list_icon_004"
"Template_11_Ranked5.1","TID_RANKED_LEAGUE_5",11,10,4,0,43,1,12,"Ranked1v1","FALSE",,6,5,"TRUE","sc/ui_league_badges.sc","league_badge_005","league_badge_005_nofx","WildcardChampion",1,"Gold",20000,,,"divider_league",2,10,60,"league_list_icon_005"
"Template_11_Ranked5.2","TID_RANKED_LEAGUE_5",11,11,4,1,46,1,12,"Ranked1v1","FALSE",,,,"TRUE","sc/ui_league_badges.sc","league_badge_005","league_badge_005_nofx","Gold",12000,,,,,,2,10,60,"league_list_icon_005"
"Template_11_Ranked5.3","TID_RANKED_LEAGUE_5",11,12,4,2,50,1,12,"Ranked1v1","FALSE",,,,"TRUE","sc/ui_league_badges.sc","league_badge_005","league_badge_005_nofx","WildcardCommon",250,,,,,,2,10,60,"league_list_icon_005"
"Template_11_Ranked6.1","TID_RANKED_LEAGUE_6",11,13,5,0,54,1,13,"Ranked1v1","FALSE",,7,6,"TRUE","sc/ui_league_badges.sc","league_badge_006","league_badge_006_nofx","WildcardElite",5000,"Chest_Shop_Small_1_Arena_L1",1,,,"divider_league",2,10,60,"league_list_icon_006"
"Template_11_Ranked6.2","TID_RANKED_LEAGUE_6",11,14,5,1,57,1,13,"Ranked1v1","FALSE",,,,"TRUE","sc/ui_league_badges.sc","league_badge_006","league_badge_006_nofx","WildcardRare",50,,,,,,2,10,60,"league_list_icon_006"
"Template_11_Ranked6.3","TID_RANKED_LEAGUE_6",11,15,5,2,61,1,13,"Ranked1v1","FALSE",,,,"TRUE","sc/ui_league_badges.sc","league_badge_006","league_badge_006_nofx","Gold",12000,,,,,,2,10,60,"league_list_icon_006"
"Template_11_Ranked7.1","TID_RANKED_LEAGUE_7",11,16,6,0,65,1,13,"Ranked1v1","FALSE",,-1,7,"TRUE","sc/ui_league_badges.sc","league_badge_007","league_badge_007_nofx","WildcardEpic",10,"Gold",25000,,,"divider_league",2,10,60,"league_list_icon_007"
"Template_11_Ranked7.2","TID_RANKED_LEAGUE_7",11,17,6,1,69,1,13,"Ranked1v1","FALSE",,,,"TRUE","sc/ui_league_badges.sc","league_badge_007","league_badge_007_nofx","WildcardElite",7500,,,,,,2,10,60,"league_list_icon_007"
"Template_11_Ranked8.1","TID_RANKED_LEAGUE_8",11,18,7,0,73,1,14,"Ranked1v1","FALSE",,-1,8,"TRUE","sc/ui_league_badges.sc","league_badge_008","league_badge_008_nofx","WildcardLegendary",1,"Chest_Shop_Large_Legendary_Arena_L1",1,,,"divider_league",2,10,60,"league_list_icon_008"
"Template_11_Ranked8.2","TID_RANKED_LEAGUE_8",11,19,7,1,77,1,14,"Ranked1v1","FALSE",,,,"TRUE","sc/ui_league_badges.sc","league_badge_008","league_badge_008_nofx","Gold",12000,,,,,,2,10,60,"league_list_icon_008"
"Template_11_Ranked9.1","TID_RANKED_LEAGUE_9",11,20,8,0,82,1,14,"Ranked1v1","FALSE",,-1,9,"TRUE","sc/ui_league_badges.sc","league_badge_009","league_badge_009_nofx","WildcardChampion",1,"Gold",30000,,,"divider_league",2,10,60,"league_list_icon_009"
"Template_11_Ranked9.2","TID_RANKED_LEAGUE_9",11,21,8,1,87,1,14,"Ranked1v1","FALSE",,,,"TRUE","sc/ui_league_badges.sc","league_badge_009","league_badge_009_nofx","WildcardElite",10000,,,,,,2,10,60,"league_list_icon_009"
"Template_11_Ranked10","TID_RANKED_LEAGUE_10",11,22,9,0,93,1,14,"Ranked1v1","TRUE",,-1,10,"TRUE","sc/ui_league_badges.sc","league_badge_010","league_badge_010_nofx","Gold",12000,"Emote_EmoteChronos71",1,,,"divider_league_last",15,150,90,"league_list_icon_010"
"Template_12_Ranked1.1","TID_RANKED_LEAGUE_1",12,0,0,0,0,0,11,"Ranked1v1","FALSE",,1,1,,"sc/ui_league_badges.sc","league_badge_001","league_badge_001_nofx","Gold",6000,,,,,"divider_league",1,10,60,"league_list_icon_001"
"Template_12_Ranked1.2","TID_RANKED_LEAGUE_1",12,23,0,1,3,0,11,"Ranked1v1","FALSE",,,,,"sc/ui_league_badges.sc","league_badge_001","league_badge_001_nofx","WildcardCommon",250,,,,,,1,10,60,"league_list_icon_001"
"Template_12_Ranked1.3","TID_RANKED_LEAGUE_1",12,1,0,2,7,0,11,"Ranked1v1","FALSE",,,,,"sc/ui_league_badges.sc","league_badge_001","league_badge_001_nofx","Gold",6000,,,,,,1,10,60,"league_list_icon_001"
"Template_12_Ranked2.1","TID_RANKED_LEAGUE_2",12,2,1,0,10,1,12,"Ranked1v1","FALSE",,3,2,,"sc/ui_league_badges.sc","league_badge_002","league_badge_002_nofx","WildcardElite",2500,"Chest_Giant_Arena_L1",1,,,"divider_league",2,10,60,"league_list_icon_002"
"Template_12_Ranked2.2","TID_RANKED_LEAGUE_2",12,3,1,1,13,1,12,"Ranked1v1","FALSE",,,,,"sc/ui_league_badges.sc","league_badge_002","league_badge_002_nofx","WildcardRare",50,,,,,,2,10,60,"league_list_icon_002"
"Template_12_Ranked2.3","TID_RANKED_LEAGUE_2",12,4,1,2,17,1,12,"Ranked1v1","FALSE",,,,,"sc/ui_league_badges.sc","league_badge_002","league_badge_002_nofx","Gold",6000,,,,,,2,10,60,"league_list_icon_002"
"Template_12_Ranked3.1","TID_RANKED_LEAGUE_3",12,5,2,0,21,1,12,"Ranked1v1","FALSE",,4,3,,"sc/ui_league_badges.sc","league_badge_003","league_badge_003_nofx","WildcardEpic",10,"Gold",15000,,,"divider_league",2,10,60,"league_list_icon_003"
"Template_12_Ranked3.2","TID_RANKED_LEAGUE_3",12,24,2,1,24,1,12,"Ranked1v1","FALSE",,,,,"sc/ui_league_badges.sc","league_badge_003","league_badge_003_nofx","Gold",9000,,,,,,2,10,60,"league_list_icon_003"
"Template_12_Ranked3.3","TID_RANKED_LEAGUE_3",12,6,2,2,28,1,12,"Ranked1v1","FALSE",,,,,"sc/ui_league_badges.sc","league_badge_003","league_badge_003_nofx","WildcardElite",5000,,,,,,2,10,60,"league_list_icon_003"
"Template_12_Ranked4.1","TID_RANKED_LEAGUE_4",12,7,3,0,32,1,13,"Ranked1v1","FALSE",,5,4,"TRUE","sc/ui_league_badges.sc","league_badge_004","league_badge_004_nofx","Emote_EmoteChronos147",1,"Chest_Magic_Arena_L1",1,,,"divider_league",2,10,60,"league_list_icon_004"
"Template_12_Ranked4.2","TID_RANKED_LEAGUE_4",12,8,3,1,35,1,13,"Ranked1v1","FALSE",,,,"TRUE","sc/ui_league_badges.sc","league_badge_004","league_badge_004_nofx","WildcardLegendary",1,,,,,,2,10,60,"league_list_icon_004"
"Template_12_Ranked4.3","TID_RANKED_LEAGUE_4",12,9,3,2,39,1,13,"Ranked1v1","FALSE",,,,"TRUE","sc/ui_league_badges.sc","league_badge_004","league_badge_004_nofx","WildcardElite",7500,,,,,,2,10,60,"league_list_icon_004"
"Template_12_Ranked5.1","TID_RANKED_LEAGUE_5",12,10,4,0,43,1,13,"Ranked1v1","FALSE",,6,5,"TRUE","sc/ui_league_badges.sc","league_badge_005","league_badge_005_nofx","WildcardChampion",1,"Gold",20000,,,"divider_league",2,10,60,"league_list_icon_005"
"Template_12_Ranked5.2","TID_RANKED_LEAGUE_5",12,11,4,1,46,1,13,"Ranked1v1","FALSE",,,,"TRUE","sc/ui_league_badges.sc","league_badge_005","league_badge_005_nofx","Gold",12000,,,,,,2,10,60,"league_list_icon_005"
"Template_12_Ranked5.3","TID_RANKED_LEAGUE_5",12,12,4,2,50,1,13,"Ranked1v1","FALSE",,,,"TRUE","sc/ui_league_badges.sc","league_badge_005","league_badge_005_nofx","WildcardCommon",250,,,,,,2,10,60,"league_list_icon_005"
"Template_12_Ranked6.1","TID_RANKED_LEAGUE_6",12,13,5,0,54,1,14,"Ranked1v1","FALSE",,7,6,"TRUE","sc/ui_league_badges.sc","league_badge_006","league_badge_006_nofx","WildcardElite",10000,"Chest_Shop_Small_1_Arena_L1",1,,,"divider_league",2,10,60,"league_list_icon_006"
"Template_12_Ranked6.2","TID_RANKED_LEAGUE_6",12,14,5,1,57,1,14,"Ranked1v1","FALSE",,,,"TRUE","sc/ui_league_badges.sc","league_badge_006","league_badge_006_nofx","WildcardRare",50,,,,,,2,10,60,"league_list_icon_006"
"Template_12_Ranked6.3","TID_RANKED_LEAGUE_6",12,15,5,2,61,1,14,"Ranked1v1","FALSE",,,,"TRUE","sc/ui_league_badges.sc","league_badge_006","league_badge_006_nofx","Gold",12000,,,,,,2,10,60,"league_list_icon_006"
"Template_12_Ranked7.1","TID_RANKED_LEAGUE_7",12,16,6,0,65,1,14,"Ranked1v1","FALSE",,-1,7,"TRUE","sc/ui_league_badges.sc","league_badge_007","league_badge_007_nofx","WildcardEpic",10,"Gold",25000,,,"divider_league",2,10,60,"league_list_icon_007"
"Template_12_Ranked7.2","TID_RANKED_LEAGUE_7",12,17,6,1,69,1,14,"Ranked1v1","FALSE",,,,"TRUE","sc/ui_league_badges.sc","league_badge_007","league_badge_007_nofx","WildcardElite",10000,,,,,,2,10,60,"league_list_icon_007"
"Template_12_Ranked8.1","TID_RANKED_LEAGUE_8",12,18,7,0,73,1,15,"Ranked1v1","FALSE",,-1,8,"TRUE","sc/ui_league_badges.sc","league_badge_008","league_badge_008_nofx","WildcardLegendary",1,"Chest_Shop_Large_Legendary_Arena_L1",1,,,"divider_league",2,10,60,"league_list_icon_008"
"Template_12_Ranked8.2","TID_RANKED_LEAGUE_8",12,19,7,1,77,1,15,"Ranked1v1","FALSE",,,,"TRUE","sc/ui_league_badges.sc","league_badge_008","league_badge_008_nofx","Gold",12000,,,,,,2,10,60,"league_list_icon_008"
"Template_12_Ranked9.1","TID_RANKED_LEAGUE_9",12,20,8,0,82,1,15,"Ranked1v1","FALSE",,-1,9,"TRUE","sc/ui_league_badges.sc","league_badge_009","league_badge_009_nofx","WildcardChampion",1,"Gold",30000,,,"divider_league",2,10,60,"league_list_icon_009"
"Template_12_Ranked9.2","TID_RANKED_LEAGUE_9",12,21,8,1,87,1,15,"Ranked1v1","FALSE",,,,"TRUE","sc/ui_league_badges.sc","league_badge_009","league_badge_009_nofx","WildcardElite",15000,,,,,,2,10,60,"league_list_icon_009"
"Template_12_Ranked10","TID_RANKED_LEAGUE_10",12,22,9,0,93,1,15,"Ranked1v1","TRUE",,-1,10,"TRUE","sc/ui_league_badges.sc","league_badge_010","league_badge_010_nofx","Gold",12000,"Emote_EmoteChronos71",1,,,"divider_league_last",15,150,90,"league_list_icon_010"
"Template_13_Ranked1.1","TID_RANKED_LEAGUE_1",13,0,0,0,0,0,11,"Ranked1v1","FALSE",,1,1,,"sc/ui_league_badges.sc","league_badge_001","league_badge_001_nofx","Gold",6000,,,,,"divider_league",1,10,60,"league_list_icon_001"
"Template_13_Ranked1.2","TID_RANKED_LEAGUE_1",13,23,0,1,3,0,11,"Ranked1v1","FALSE",,,,,"sc/ui_league_badges.sc","league_badge_001","league_badge_001_nofx","WildcardCommon",250,,,,,,1,10,60,"league_list_icon_001"
"Template_13_Ranked1.3","TID_RANKED_LEAGUE_1",13,1,0,2,7,0,11,"Ranked1v1","FALSE",,,,,"sc/ui_league_badges.sc","league_badge_001","league_badge_001_nofx","Gold",6000,,,,,,1,10,60,"league_list_icon_001"
"Template_13_Ranked2.1","TID_RANKED_LEAGUE_2",13,2,1,0,10,1,12,"Ranked1v1","FALSE",,3,2,,"sc/ui_league_badges.sc","league_badge_002","league_badge_002_nofx","WildcardElite",2500,"Chest_Giant_Arena_L1",1,,,"divider_league",2,10,60,"league_list_icon_002"
"Template_13_Ranked2.2","TID_RANKED_LEAGUE_2",13,3,1,1,13,1,12,"Ranked1v1","FALSE",,,,,"sc/ui_league_badges.sc","league_badge_002","league_badge_002_nofx","WildcardRare",50,,,,,,2,10,60,"league_list_icon_002"
"Template_13_Ranked2.3","TID_RANKED_LEAGUE_2",13,4,1,2,17,1,12,"Ranked1v1","FALSE",,,,,"sc/ui_league_badges.sc","league_badge_002","league_badge_002_nofx","Gold",6000,,,,,,2,10,60,"league_list_icon_002"
"Template_13_Ranked3.1","TID_RANKED_LEAGUE_3",13,5,2,0,21,1,12,"Ranked1v1","FALSE",,4,3,,"sc/ui_league_badges.sc","league_badge_003","league_badge_003_nofx","WildcardEpic",10,"Gold",15000,,,"divider_league",2,10,60,"league_list_icon_003"
"Template_13_Ranked3.2","TID_RANKED_LEAGUE_3",13,24,2,1,24,1,12,"Ranked1v1","FALSE",,,,,"sc/ui_league_badges.sc","league_badge_003","league_badge_003_nofx","Gold",9000,,,,,,2,10,60,"league_list_icon_003"
"Template_13_Ranked3.3","TID_RANKED_LEAGUE_3",13,6,2,2,28,1,12,"Ranked1v1","FALSE",,,,,"sc/ui_league_badges.sc","league_badge_003","league_badge_003_nofx","WildcardElite",5000,,,,,,2,10,60,"league_list_icon_003"
"Template_13_Ranked4.1","TID_RANKED_LEAGUE_4",13,7,3,0,32,1,13,"Ranked1v1","FALSE",,5,4,"TRUE","sc/ui_league_badges.sc","league_badge_004","league_badge_004_nofx","Emote_EmoteChronos152",1,"Chest_Magic_Arena_L1",1,,,"divider_league",2,10,60,"league_list_icon_004"
"Template_13_Ranked4.2","TID_RANKED_LEAGUE_4",13,8,3,1,35,1,13,"Ranked1v1","FALSE",,,,"TRUE","sc/ui_league_badges.sc","league_badge_004","league_badge_004_nofx","WildcardLegendary",1,,,,,,2,10,60,"league_list_icon_004"
"Template_13_Ranked4.3","TID_RANKED_LEAGUE_4",13,9,3,2,39,1,13,"Ranked1v1","FALSE",,,,"TRUE","sc/ui_league_badges.sc","league_badge_004","league_badge_004_nofx","WildcardElite",7500,,,,,,2,10,60,"league_list_icon_004"
"Template_13_Ranked5.1","TID_RANKED_LEAGUE_5",13,10,4,0,43,1,13,"Ranked1v1","FALSE",,6,5,"TRUE","sc/ui_league_badges.sc","league_badge_005","league_badge_005_nofx","WildcardChampion",1,"Gold",20000,,,"divider_league",2,10,60,"league_list_icon_005"
"Template_13_Ranked5.2","TID_RANKED_LEAGUE_5",13,11,4,1,46,1,13,"Ranked1v1","FALSE",,,,"TRUE","sc/ui_league_badges.sc","league_badge_005","league_badge_005_nofx","Gold",12000,,,,,,2,10,60,"league_list_icon_005"
"Template_13_Ranked5.3","TID_RANKED_LEAGUE_5",13,12,4,2,50,1,13,"Ranked1v1","FALSE",,,,"TRUE","sc/ui_league_badges.sc","league_badge_005","league_badge_005_nofx","WildcardCommon",250,,,,,,2,10,60,"league_list_icon_005"
"Template_13_Ranked6.1","TID_RANKED_LEAGUE_6",13,13,5,0,54,1,14,"Ranked1v1","FALSE",,7,6,"TRUE","sc/ui_league_badges.sc","league_badge_006","league_badge_006_nofx","WildcardElite",10000,"Chest_Shop_Small_1_Arena_L1",1,,,"divider_league",2,10,60,"league_list_icon_006"
"Template_13_Ranked6.2","TID_RANKED_LEAGUE_6",13,14,5,1,57,1,14,"Ranked1v1","FALSE",,,,"TRUE","sc/ui_league_badges.sc","league_badge_006","league_badge_006_nofx","WildcardRare",50,,,,,,2,10,60,"league_list_icon_006"
"Template_13_Ranked6.3","TID_RANKED_LEAGUE_6",13,15,5,2,61,1,14,"Ranked1v1","FALSE",,,,"TRUE","sc/ui_league_badges.sc","league_badge_006","league_badge_006_nofx","Gold",12000,,,,,,2,10,60,"league_list_icon_006"
"Template_13_Ranked7.1","TID_RANKED_LEAGUE_7",13,16,6,0,65,1,14,"Ranked1v1","FALSE",,-1,7,"TRUE","sc/ui_league_badges.sc","league_badge_007","league_badge_007_nofx","WildcardEpic",10,"Gold",25000,,,"divider_league",2,10,60,"league_list_icon_007"
"Template_13_Ranked7.2","TID_RANKED_LEAGUE_7",13,17,6,1,69,1,14,"Ranked1v1","FALSE",,,,"TRUE","sc/ui_league_badges.sc","league_badge_007","league_badge_007_nofx","WildcardElite",10000,,,,,,2,10,60,"league_list_icon_007"
"Template_13_Ranked8.1","TID_RANKED_LEAGUE_8",13,18,7,0,73,1,15,"Ranked1v1","FALSE",,-1,8,"TRUE","sc/ui_league_badges.sc","league_badge_008","league_badge_008_nofx","WildcardLegendary",1,"Chest_Shop_Large_Legendary_Arena_L1",1,,,"divider_league",2,10,60,"league_list_icon_008"
"Template_13_Ranked8.2","TID_RANKED_LEAGUE_8",13,19,7,1,77,1,15,"Ranked1v1","FALSE",,,,"TRUE","sc/ui_league_badges.sc","league_badge_008","league_badge_008_nofx","Gold",12000,,,,,,2,10,60,"league_list_icon_008"
"Template_13_Ranked9.1","TID_RANKED_LEAGUE_9",13,20,8,0,82,1,15,"Ranked1v1","FALSE",,-1,9,"TRUE","sc/ui_league_badges.sc","league_badge_009","league_badge_009_nofx","WildcardChampion",1,"Gold",30000,,,"divider_league",2,10,60,"league_list_icon_009"
"Template_13_Ranked9.2","TID_RANKED_LEAGUE_9",13,21,8,1,87,1,15,"Ranked1v1","FALSE",,,,"TRUE","sc/ui_league_badges.sc","league_badge_009","league_badge_009_nofx","WildcardElite",15000,,,,,,2,10,60,"league_list_icon_009"
"Template_13_Ranked10","TID_RANKED_LEAGUE_10",13,22,9,0,93,1,15,"Ranked1v1","TRUE",,-1,10,"TRUE","sc/ui_league_badges.sc","league_badge_010","league_badge_010_nofx","Gold",12000,"Emote_EmoteChronos71",1,,,"divider_league_last",15,150,90,"league_list_icon_010"
"Template_14_Ranked1.1","TID_RANKED_LEAGUE_1",14,0,0,0,0,0,11,"Ranked1v1","FALSE",,1,1,,"sc/ui_league_badges.sc","league_badge_001","league_badge_001_nofx","Gold",6000,,,,,"divider_league",1,10,60,"league_list_icon_001"
"Template_14_Ranked1.2","TID_RANKED_LEAGUE_1",14,23,0,1,3,0,11,"Ranked1v1","FALSE",,,,,"sc/ui_league_badges.sc","league_badge_001","league_badge_001_nofx","WildcardCommon",250,,,,,,1,10,60,"league_list_icon_001"
"Template_14_Ranked1.3","TID_RANKED_LEAGUE_1",14,1,0,2,7,0,11,"Ranked1v1","FALSE",,,,,"sc/ui_league_badges.sc","league_badge_001","league_badge_001_nofx","Gold",6000,,,,,,1,10,60,"league_list_icon_001"
"Template_14_Ranked2.1","TID_RANKED_LEAGUE_2",14,2,1,0,10,1,12,"Ranked1v1","FALSE",,3,2,,"sc/ui_league_badges.sc","league_badge_002","league_badge_002_nofx","WildcardElite",2500,"Chest_Giant_Arena_L1",1,,,"divider_league",2,10,60,"league_list_icon_002"
"Template_14_Ranked2.2","TID_RANKED_LEAGUE_2",14,3,1,1,13,1,12,"Ranked1v1","FALSE",,,,,"sc/ui_league_badges.sc","league_badge_002","league_badge_002_nofx","WildcardRare",50,,,,,,2,10,60,"league_list_icon_002"
"Template_14_Ranked2.3","TID_RANKED_LEAGUE_2",14,4,1,2,17,1,12,"Ranked1v1","FALSE",,,,,"sc/ui_league_badges.sc","league_badge_002","league_badge_002_nofx","Gold",6000,,,,,,2,10,60,"league_list_icon_002"
"Template_14_Ranked3.1","TID_RANKED_LEAGUE_3",14,5,2,0,21,1,12,"Ranked1v1","FALSE",,4,3,,"sc/ui_league_badges.sc","league_badge_003","league_badge_003_nofx","WildcardEpic",10,"Gold",15000,,,"divider_league",2,10,60,"league_list_icon_003"
"Template_14_Ranked3.2","TID_RANKED_LEAGUE_3",14,24,2,1,24,1,12,"Ranked1v1","FALSE",,,,,"sc/ui_league_badges.sc","league_badge_003","league_badge_003_nofx","Gold",9000,,,,,,2,10,60,"league_list_icon_003"
"Template_14_Ranked3.3","TID_RANKED_LEAGUE_3",14,6,2,2,28,1,12,"Ranked1v1","FALSE",,,,,"sc/ui_league_badges.sc","league_badge_003","league_badge_003_nofx","WildcardElite",5000,,,,,,2,10,60,"league_list_icon_003"
"Template_14_Ranked4.1","TID_RANKED_LEAGUE_4",14,7,3,0,32,1,13,"Ranked1v1","FALSE",,5,4,"TRUE","sc/ui_league_badges.sc","league_badge_004","league_badge_004_nofx","Emote_EmoteChronos158",1,"Chest_Magic_Arena_L1",1,,,"divider_league",2,10,60,"league_list_icon_004"
"Template_14_Ranked4.2","TID_RANKED_LEAGUE_4",14,8,3,1,35,1,13,"Ranked1v1","FALSE",,,,"TRUE","sc/ui_league_badges.sc","league_badge_004","league_badge_004_nofx","WildcardLegendary",1,,,,,,2,10,60,"league_list_icon_004"
"Template_14_Ranked4.3","TID_RANKED_LEAGUE_4",14,9,3,2,39,1,13,"Ranked1v1","FALSE",,,,"TRUE","sc/ui_league_badges.sc","league_badge_004","league_badge_004_nofx","WildcardElite",7500,,,,,,2,10,60,"league_list_icon_004"
"Template_14_Ranked5.1","TID_RANKED_LEAGUE_5",14,10,4,0,43,1,13,"Ranked1v1","FALSE",,6,5,"TRUE","sc/ui_league_badges.sc","league_badge_005","league_badge_005_nofx","WildcardChampion",1,"Gold",20000,,,"divider_league",2,10,60,"league_list_icon_005"
"Template_14_Ranked5.2","TID_RANKED_LEAGUE_5",14,11,4,1,46,1,13,"Ranked1v1","FALSE",,,,"TRUE","sc/ui_league_badges.sc","league_badge_005","league_badge_005_nofx","Gold",12000,,,,,,2,10,60,"league_list_icon_005"
"Template_14_Ranked5.3","TID_RANKED_LEAGUE_5",14,12,4,2,50,1,13,"Ranked1v1","FALSE",,,,"TRUE","sc/ui_league_badges.sc","league_badge_005","league_badge_005_nofx","WildcardCommon",250,,,,,,2,10,60,"league_list_icon_005"
"Template_14_Ranked6.1","TID_RANKED_LEAGUE_6",14,13,5,0,54,1,14,"Ranked1v1","FALSE",,7,6,"TRUE","sc/ui_league_badges.sc","league_badge_006","league_badge_006_nofx","WildcardElite",10000,"Chest_Shop_Small_1_Arena_L1",1,,,"divider_league",2,10,60,"league_list_icon_006"
"Template_14_Ranked6.2","TID_RANKED_LEAGUE_6",14,14,5,1,57,1,14,"Ranked1v1","FALSE",,,,"TRUE","sc/ui_league_badges.sc","league_badge_006","league_badge_006_nofx","WildcardRare",50,,,,,,2,10,60,"league_list_icon_006"
"Template_14_Ranked6.3","TID_RANKED_LEAGUE_6",14,15,5,2,61,1,14,"Ranked1v1","FALSE",,,,"TRUE","sc/ui_league_badges.sc","league_badge_006","league_badge_006_nofx","Gold",12000,,,,,,2,10,60,"league_list_icon_006"
"Template_14_Ranked7.1","TID_RANKED_LEAGUE_7",14,16,6,0,65,1,14,"Ranked1v1","FALSE",,-1,7,"TRUE","sc/ui_league_badges.sc","league_badge_007","league_badge_007_nofx","WildcardEpic",10,"Gold",25000,,,"divider_league",2,10,60,"league_list_icon_007"
"Template_14_Ranked7.2","TID_RANKED_LEAGUE_7",14,17,6,1,69,1,14,"Ranked1v1","FALSE",,,,"TRUE","sc/ui_league_badges.sc","league_badge_007","league_badge_007_nofx","WildcardElite",10000,,,,,,2,10,60,"league_list_icon_007"
"Template_14_Ranked8.1","TID_RANKED_LEAGUE_8",14,18,7,0,73,1,15,"Ranked1v1","FALSE",,-1,8,"TRUE","sc/ui_league_badges.sc","league_badge_008","league_badge_008_nofx","WildcardLegendary",1,"Chest_Shop_Large_Legendary_Arena_L1",1,,,"divider_league",2,10,60,"league_list_icon_008"
"Template_14_Ranked8.2","TID_RANKED_LEAGUE_8",14,19,7,1,77,1,15,"Ranked1v1","FALSE",,,,"TRUE","sc/ui_league_badges.sc","league_badge_008","league_badge_008_nofx","Gold",12000,,,,,,2,10,60,"league_list_icon_008"
"Template_14_Ranked9.1","TID_RANKED_LEAGUE_9",14,20,8,0,82,1,15,"Ranked1v1","FALSE",,-1,9,"TRUE","sc/ui_league_badges.sc","league_badge_009","league_badge_009_nofx","WildcardChampion",1,"Gold",30000,,,"divider_league",2,10,60,"league_list_icon_009"
"Template_14_Ranked9.2","TID_RANKED_LEAGUE_9",14,21,8,1,87,1,15,"Ranked1v1","FALSE",,,,"TRUE","sc/ui_league_badges.sc","league_badge_009","league_badge_009_nofx","WildcardElite",15000,,,,,,2,10,60,"league_list_icon_009"
"Template_14_Ranked10","TID_RANKED_LEAGUE_10",14,22,9,0,93,1,15,"Ranked1v1","TRUE",,-1,10,"TRUE","sc/ui_league_badges.sc","league_badge_010","league_badge_010_nofx","Gold",12000,"Emote_EmoteChronos71",1,,,"divider_league_last",15,150,90,"league_list_icon_010"
